"Code","Class","Order","Suborder","Family","Subfamily","Genus","Species","SpeciesEpithet","MatingSystem","SexMaturity_AgeM_min","SexMaturity_AgeM_max","SexMaturity_AgeM_mean","SexMaturityF_Age_min","SexMaturityF_Age_max","SexMaturityF_Age_mean","SexMaturity_AgeU_min","SexMaturity_AgeU_max","SexMaturity_AgeU_mean","FirstBirth_Age_min","FirstBirth_Age_max","FirstBirth_Age_mean","Sperm_Retention","Delayed_Implantation","Delayed_Development","Active_Gestation_Length_min","Active_Gestation_Length_max","Active_Gestation_Length_mean","Total_Gestation_Length_min","Total_Gestation_Length_max","Total_Gestation_Length_mean","Lactation_Length_min","Lactation_Length_max","Lactation_Length_mean","Weaning_Length_min","Weaning_Length_max","Weaning_Length_mean","Litter_Size_min","Litter_Size_max","Litter_Size_mean","Num_Litter_year_max","Num_Litter_year_mean","Births_Interval_min","Births_Interval_mean","Parental_Cares","Nursery_Roost","Nursery_Roost_Size_min","Nursery_Roost_Size_max","Nursery_Roost_Size_mean"
"YIN010101001","Mammalia","Chiroptera","Yinpterochiroptera","Pteropodidae","Rousettinae","Scotonycteris","zenkeri","Scotonycteris_zenkeri",NA,NA,NA,NA,NA,NA,NA,NA,NA,NA,NA,NA,NA,NA,NA,NA,NA,NA,NA,NA,NA,NA,NA,NA,NA,40,180,110,1,NA,1,NA,NA,NA,NA,"F",NA,NA,NA,NA
"YIN010101002","Mammalia","Chiroptera","Yinpterochiroptera","Pteropodidae","Rousettinae","Scotonycteris","occidentalis","Scotonycteris_occidentalis",NA,NA,NA,NA,NA,NA,NA,NA,NA,NA,NA,NA,NA,0,0,0,NA,NA,NA,NA,NA,NA,NA,NA,90,40,180,110,1,NA,1,NA,1,NA,NA,"F",NA,NA,NA,NA
"YIN010101003","Mammalia","Chiroptera","Yinpterochiroptera","Pteropodidae","Rousettinae","Scotonycteris","bergmansi","Scotonycteris_bergmansi",NA,NA,NA,NA,NA,NA,NA,NA,NA,NA,NA,NA,NA,NA,NA,NA,NA,NA,NA,NA,NA,NA,NA,NA,NA,40,180,110,1,NA,1,NA,NA,NA,NA,"F",NA,NA,NA,NA
"YIN010102001","Mammalia","Chiroptera","Yinpterochiroptera","Pteropodidae","Rousettinae","Casinycteris","argynnis","Casinycteris_argynnis",NA,NA,NA,NA,NA,NA,NA,NA,NA,NA,NA,NA,NA,NA,NA,NA,NA,NA,NA,NA,NA,NA,NA,NA,NA,40,180,110,1,NA,1,NA,NA,NA,NA,"F",NA,NA,NA,NA
"YIN010102002","Mammalia","Chiroptera","Yinpterochiroptera","Pteropodidae","Rousettinae","Casinycteris","ophiodon","Casinycteris_ophiodon",NA,NA,NA,NA,NA,NA,NA,NA,NA,NA,NA,NA,NA,0,0,0,NA,NA,NA,NA,NA,NA,NA,NA,NA,40,180,110,1,NA,1,NA,1,NA,365,"F",NA,NA,NA,NA
"YIN010102003","Mammalia","Chiroptera","Yinpterochiroptera","Pteropodidae","Rousettinae","Casinycteris","campomaanensis","Casinycteris_campomaanensis",NA,NA,NA,NA,NA,NA,NA,NA,NA,NA,NA,NA,NA,NA,NA,NA,NA,NA,NA,NA,NA,NA,NA,NA,NA,40,180,110,1,NA,1,NA,NA,NA,NA,"F",NA,NA,NA,NA
"YIN010103001","Mammalia","Chiroptera","Yinpterochiroptera","Pteropodidae","Rousettinae","Rousettus","aegyptiacus","Rousettus_aegyptiacus",4,NA,NA,NA,NA,NA,NA,NA,NA,NA,NA,NA,NA,0,0,0,NA,NA,106,NA,NA,106,NA,NA,65,40,180,110,1,2,1,NA,NA,NA,NA,"F",1,NA,NA,NA
"YIN010103002","Mammalia","Chiroptera","Yinpterochiroptera","Pteropodidae","Rousettinae","Rousettus","madagascariensis","Rousettus_madagascariensis",NA,NA,NA,NA,NA,NA,NA,NA,NA,365,NA,NA,NA,0,0,0,NA,NA,NA,NA,NA,NA,NA,NA,NA,40,180,110,1,NA,1,NA,1,NA,365,"F",NA,NA,NA,NA
"YIN010103003","Mammalia","Chiroptera","Yinpterochiroptera","Pteropodidae","Rousettinae","Rousettus","obliviosus","Rousettus_obliviosus",NA,NA,NA,NA,NA,NA,NA,NA,NA,NA,NA,NA,NA,0,0,0,NA,NA,NA,NA,NA,NA,NA,NA,NA,40,180,110,1,NA,1,NA,2,NA,210,"F",NA,NA,NA,NA
"YIN010104001","Mammalia","Chiroptera","Yinpterochiroptera","Pteropodidae","Rousettinae","Stenonycteris","lanosus","Stenonycteris_lanosus",NA,NA,NA,NA,NA,NA,NA,NA,NA,NA,NA,NA,NA,0,0,0,NA,NA,NA,NA,NA,NA,NA,NA,NA,40,180,110,1,NA,1,NA,NA,NA,NA,"F",1,NA,NA,NA
"YIN010105001","Mammalia","Chiroptera","Yinpterochiroptera","Pteropodidae","Rousettinae","Megaloglossus","azagnyi","Megaloglossus_azagnyi",NA,NA,NA,NA,NA,NA,NA,NA,NA,NA,NA,NA,NA,NA,NA,NA,NA,NA,NA,NA,NA,NA,NA,NA,NA,40,180,110,1,NA,1,NA,NA,NA,NA,"F",NA,NA,NA,NA
"YIN010105002","Mammalia","Chiroptera","Yinpterochiroptera","Pteropodidae","Rousettinae","Megaloglossus","woermanni","Megaloglossus_woermanni",NA,NA,NA,NA,NA,NA,NA,NA,NA,NA,NA,NA,NA,0,0,0,NA,NA,NA,NA,NA,NA,NA,NA,NA,40,180,110,1,2,1,NA,NA,NA,NA,"F",NA,NA,NA,NA
"YIN010106001","Mammalia","Chiroptera","Yinpterochiroptera","Pteropodidae","Rousettinae","Lissonycteris","angolensis","Lissonycteris_angolensis",NA,NA,NA,NA,NA,NA,NA,NA,NA,NA,NA,NA,NA,0,0,0,NA,NA,120,NA,NA,120,NA,NA,NA,40,180,110,1,NA,1,NA,NA,NA,NA,"F",1,NA,NA,NA
"YIN010107001","Mammalia","Chiroptera","Yinpterochiroptera","Pteropodidae","Rousettinae","Myonycteris","torquata","Myonycteris_torquata",NA,NA,NA,NA,NA,NA,NA,NA,NA,NA,NA,NA,NA,NA,NA,NA,NA,NA,NA,NA,NA,NA,NA,NA,NA,40,180,110,1,NA,1,NA,NA,NA,NA,"F",NA,NA,NA,NA
"YIN010107002","Mammalia","Chiroptera","Yinpterochiroptera","Pteropodidae","Rousettinae","Myonycteris","brachycephala","Myonycteris_brachycephala",NA,NA,NA,NA,NA,NA,NA,NA,NA,NA,NA,NA,NA,NA,NA,NA,NA,NA,NA,NA,NA,NA,NA,NA,NA,40,180,110,1,NA,1,NA,NA,NA,NA,"F",NA,NA,NA,NA
"YIN010107003","Mammalia","Chiroptera","Yinpterochiroptera","Pteropodidae","Rousettinae","Myonycteris","leptodon","Myonycteris_leptodon",NA,NA,NA,NA,NA,NA,NA,NA,NA,NA,NA,NA,NA,0,0,0,NA,NA,NA,NA,NA,NA,NA,NA,NA,40,180,110,1,NA,1,NA,NA,NA,NA,"F",NA,NA,NA,NA
"YIN010107004","Mammalia","Chiroptera","Yinpterochiroptera","Pteropodidae","Rousettinae","Myonycteris","relicta","Myonycteris_relicta",NA,NA,NA,NA,NA,NA,NA,NA,NA,NA,NA,NA,NA,NA,NA,NA,NA,NA,NA,NA,NA,NA,NA,NA,NA,40,180,110,1,NA,1,NA,NA,NA,NA,"F",NA,NA,NA,NA
"YIN010108001","Mammalia","Chiroptera","Yinpterochiroptera","Pteropodidae","Rousettinae","Plerotes","anchietae","Plerotes_anchietae",NA,NA,NA,NA,NA,NA,NA,NA,NA,NA,NA,NA,NA,NA,NA,NA,NA,NA,NA,NA,NA,NA,NA,NA,NA,40,180,110,1,NA,1,NA,NA,NA,NA,"F",NA,NA,NA,NA
"YIN010109001","Mammalia","Chiroptera","Yinpterochiroptera","Pteropodidae","Rousettinae","Hypsignathus","monstrosus","Hypsignathus_monstrosus",4,NA,NA,540,NA,NA,180,NA,NA,NA,NA,NA,NA,0,0,0,NA,NA,165,NA,NA,165,NA,NA,NA,40,180,110,1,NA,1,NA,2,NA,NA,"F",NA,NA,NA,NA
"YIN010110001","Mammalia","Chiroptera","Yinpterochiroptera","Pteropodidae","Rousettinae","Epomops","franqueti","Epomops_franqueti",4,NA,NA,NA,NA,NA,NA,NA,NA,NA,NA,NA,NA,0,0,0,NA,NA,165,NA,NA,165,NA,NA,NA,40,180,110,1,NA,1,NA,NA,NA,NA,"F",NA,NA,NA,NA
"YIN010110002","Mammalia","Chiroptera","Yinpterochiroptera","Pteropodidae","Rousettinae","Epomops","buettikoferi","Epomops_buettikoferi",4,NA,NA,450,NA,NA,180,NA,NA,NA,NA,NA,365,0,0,0,NA,NA,180,NA,NA,180,NA,91,52.5,40,180,110,1,NA,1,NA,NA,NA,180,"F",NA,NA,NA,NA
"YIN010111001","Mammalia","Chiroptera","Yinpterochiroptera","Pteropodidae","Rousettinae","Nanonycteris","veldkampii","Nanonycteris_veldkampii",NA,NA,NA,NA,NA,NA,NA,NA,NA,NA,NA,NA,NA,0,0,0,NA,NA,NA,NA,NA,NA,NA,NA,NA,40,180,110,1,NA,1,NA,NA,NA,NA,"F",NA,NA,NA,NA
"YIN010112001","Mammalia","Chiroptera","Yinpterochiroptera","Pteropodidae","Rousettinae","Epomophorus","gambianus","Epomophorus_gambianus",NA,NA,NA,NA,NA,NA,NA,NA,NA,NA,NA,NA,NA,0,0,0,NA,NA,165,NA,NA,165,NA,NA,NA,40,180,110,1,NA,1,NA,2,NA,210,"F",NA,NA,NA,NA
"YIN010112002","Mammalia","Chiroptera","Yinpterochiroptera","Pteropodidae","Rousettinae","Epomophorus","crypturus","Epomophorus_crypturus",NA,NA,NA,NA,NA,NA,NA,NA,NA,NA,NA,NA,NA,0,0,0,NA,NA,NA,NA,NA,NA,NA,NA,NA,40,180,110,1,2,1,NA,1,NA,365,"F",NA,NA,NA,NA
"YIN010112003","Mammalia","Chiroptera","Yinpterochiroptera","Pteropodidae","Rousettinae","Epomophorus","angolensis","Epomophorus_angolensis",NA,NA,NA,NA,NA,NA,NA,NA,NA,NA,NA,NA,NA,NA,NA,NA,NA,NA,NA,NA,NA,NA,NA,NA,NA,40,180,110,1,NA,1,NA,NA,NA,NA,"F",NA,NA,NA,NA
"YIN010112004","Mammalia","Chiroptera","Yinpterochiroptera","Pteropodidae","Rousettinae","Epomophorus","labiatus","Epomophorus_labiatus",NA,NA,NA,NA,NA,NA,NA,NA,NA,NA,NA,NA,NA,0,0,0,NA,NA,165,NA,NA,165,NA,NA,NA,40,180,110,1,NA,1,NA,NA,180,NA,"F",NA,NA,NA,NA
"YIN010112005","Mammalia","Chiroptera","Yinpterochiroptera","Pteropodidae","Rousettinae","Epomophorus","minor","Epomophorus_minor",NA,NA,NA,NA,NA,NA,NA,NA,NA,NA,NA,NA,NA,NA,NA,NA,NA,NA,NA,NA,NA,NA,NA,NA,NA,40,180,110,1,NA,1,NA,NA,NA,NA,"F",NA,NA,NA,NA
"YIN010112006","Mammalia","Chiroptera","Yinpterochiroptera","Pteropodidae","Rousettinae","Epomophorus","anselli","Epomophorus_anselli",NA,NA,NA,NA,NA,NA,NA,NA,NA,NA,NA,NA,NA,NA,NA,NA,NA,NA,NA,NA,NA,NA,NA,NA,NA,40,180,110,1,NA,1,NA,NA,NA,NA,"F",NA,NA,NA,NA
"YIN010112007","Mammalia","Chiroptera","Yinpterochiroptera","Pteropodidae","Rousettinae","Epomophorus","wahlbergi","Epomophorus_wahlbergi",NA,NA,NA,730,NA,NA,365,NA,NA,NA,NA,NA,NA,0,0,0,NA,NA,160,NA,NA,160,NA,NA,NA,40,180,110,1,2,1,NA,NA,NA,NA,"F",NA,NA,NA,NA
"YIN010112008","Mammalia","Chiroptera","Yinpterochiroptera","Pteropodidae","Rousettinae","Epomophorus","dobsonii","Epomophorus_dobsonii",NA,NA,NA,NA,NA,NA,NA,NA,NA,NA,NA,NA,NA,NA,NA,NA,NA,NA,NA,NA,NA,NA,NA,NA,NA,40,180,110,1,2,1,NA,NA,NA,NA,"F",NA,NA,NA,NA
"YIN010112009","Mammalia","Chiroptera","Yinpterochiroptera","Pteropodidae","Rousettinae","Epomophorus","grandis","Epomophorus_grandis",NA,NA,NA,NA,NA,NA,NA,NA,NA,NA,NA,NA,NA,NA,NA,NA,NA,NA,NA,NA,NA,NA,NA,NA,NA,40,180,110,1,NA,1,NA,NA,NA,NA,"F",NA,NA,NA,NA
"YIN010112010","Mammalia","Chiroptera","Yinpterochiroptera","Pteropodidae","Rousettinae","Epomophorus","pusillus","Epomophorus_pusillus",NA,NA,NA,270,NA,NA,180,NA,NA,NA,NA,NA,365,0,0,0,NA,NA,180,NA,NA,180,49,77,63,40,180,110,1,NA,1,NA,NA,NA,NA,"F",NA,NA,NA,NA
"YIN010112011","Mammalia","Chiroptera","Yinpterochiroptera","Pteropodidae","Rousettinae","Epomophorus","intermedius","Epomophorus_intermedius",NA,NA,NA,NA,NA,NA,NA,NA,NA,NA,NA,NA,NA,NA,NA,NA,NA,NA,NA,NA,NA,NA,NA,NA,NA,40,180,110,1,NA,1,NA,NA,NA,NA,"F",NA,NA,NA,NA
"YIN010201001","Mammalia","Chiroptera","Yinpterochiroptera","Pteropodidae","Eidolinae","Eidolon","helvum","Eidolon_helvum",NA,NA,NA,NA,NA,NA,NA,NA,NA,NA,NA,NA,2,0,1,0,180,330,255,270,420,345,NA,NA,NA,40,180,110,1,2,1,NA,1,NA,365,"F",1,NA,NA,NA
"YIN010201002","Mammalia","Chiroptera","Yinpterochiroptera","Pteropodidae","Eidolinae","Eidolon","dupreanum","Eidolon_dupreanum",NA,NA,NA,NA,NA,NA,NA,NA,NA,NA,NA,NA,NA,NA,NA,NA,NA,NA,NA,NA,NA,NA,NA,NA,NA,40,180,110,1,NA,1,NA,NA,NA,NA,"F",NA,NA,NA,NA
"YIN010301001","Mammalia","Chiroptera","Yinpterochiroptera","Pteropodidae","Pteropodinae","Pteropus","livingstonii","Pteropus_livingstonii",3,NA,NA,NA,NA,NA,NA,NA,NA,NA,NA,NA,3.4,0,0,0,NA,NA,152,NA,NA,152,NA,NA,NA,40,180,110,1,NA,1,NA,NA,NA,NA,"F",NA,NA,NA,NA
"YIN010301002","Mammalia","Chiroptera","Yinpterochiroptera","Pteropodidae","Pteropodinae","Pteropus","voeltzkowi","Pteropus_voeltzkowi",NA,NA,NA,NA,NA,NA,NA,NA,NA,NA,NA,NA,NA,0,0,0,NA,NA,150,NA,NA,150,NA,NA,NA,40,180,110,1,NA,1,NA,NA,NA,NA,"F",NA,NA,NA,NA
"YIN010301003","Mammalia","Chiroptera","Yinpterochiroptera","Pteropodidae","Pteropodinae","Pteropus","rodricensis","Pteropus_rodricensis",3,NA,NA,NA,NA,NA,NA,NA,NA,NA,NA,NA,NA,0,0,0,NA,NA,198,NA,NA,198,NA,NA,NA,40,180,110,1,NA,1,NA,NA,NA,NA,"F",NA,NA,NA,NA
"YIN010301004","Mammalia","Chiroptera","Yinpterochiroptera","Pteropodidae","Pteropodinae","Pteropus","aldabrensis","Pteropus_aldabrensis",NA,NA,NA,NA,NA,NA,NA,NA,NA,NA,NA,NA,NA,NA,NA,NA,NA,NA,NA,NA,NA,NA,NA,NA,NA,40,180,110,1,NA,1,NA,NA,NA,NA,"F",NA,NA,NA,NA
"YIN010301005","Mammalia","Chiroptera","Yinpterochiroptera","Pteropodidae","Pteropodinae","Pteropus","rufus","Pteropus_rufus",NA,NA,NA,NA,NA,NA,NA,NA,NA,NA,NA,NA,NA,NA,NA,NA,NA,NA,NA,NA,NA,NA,NA,NA,NA,40,180,110,1,2,1,NA,1,NA,365,"F",NA,NA,NA,NA
"YIN010301006","Mammalia","Chiroptera","Yinpterochiroptera","Pteropodidae","Pteropodinae","Pteropus","seychellensis","Pteropus_seychellensis",NA,NA,NA,NA,NA,NA,NA,NA,NA,NA,NA,NA,NA,NA,NA,NA,NA,NA,NA,NA,NA,NA,NA,NA,NA,40,180,110,1,NA,1,NA,1,NA,365,"F",NA,NA,NA,NA
"YIN010301007","Mammalia","Chiroptera","Yinpterochiroptera","Pteropodidae","Pteropodinae","Pteropus","niger","Pteropus_niger",NA,NA,NA,NA,NA,NA,NA,NA,NA,NA,NA,NA,NA,0,0,0,138,189,163.5,138,189,163.5,NA,NA,NA,40,180,110,1,2,1,NA,1,NA,365,"F",NA,NA,NA,NA
"YIN020001001","Mammalia","Chiroptera","Yinpterochiroptera","Rhinopomatidae",NA,"Rhinopoma","microphyllum","Rhinopoma_microphyllum",NA,NA,NA,NA,730,NA,NA,NA,NA,NA,NA,NA,NA,0,0,0,NA,NA,123,NA,NA,123,NA,NA,35,NA,NA,30,1,NA,1,NA,1,NA,365,"F",1,5000,10000,7500
"YIN020001002","Mammalia","Chiroptera","Yinpterochiroptera","Rhinopomatidae",NA,"Rhinopoma","cystops","Rhinopoma_cystops",NA,NA,NA,NA,NA,NA,NA,NA,NA,NA,NA,NA,NA,0,0,0,NA,NA,123,NA,NA,123,NA,NA,35,NA,NA,30,1,NA,1,NA,1,NA,365,"F",1,NA,NA,NA
"YIN020001003","Mammalia","Chiroptera","Yinpterochiroptera","Rhinopomatidae",NA,"Rhinopoma","macinnesi","Rhinopoma_macinnesi",NA,NA,NA,NA,NA,NA,NA,NA,NA,NA,NA,NA,NA,NA,NA,NA,NA,NA,NA,NA,NA,NA,NA,NA,35,NA,NA,30,1,NA,1,NA,1,NA,365,NA,NA,NA,NA,NA
"YIN030001001","Mammalia","Chiroptera","Yinpterochiroptera","Megadermatidae",NA,"Lavia","frons","Lavia_frons",4,NA,NA,NA,NA,NA,NA,NA,NA,NA,NA,NA,NA,0,0,0,NA,NA,97.5,NA,NA,97.5,NA,NA,NA,NA,NA,45.5,1,NA,1,NA,2,NA,NA,"B",NA,NA,NA,NA
"YIN030002001","Mammalia","Chiroptera","Yinpterochiroptera","Megadermatidae",NA,"Cardioderma","cor","Cardioderma_cor",4,NA,NA,NA,NA,NA,NA,NA,NA,NA,NA,NA,NA,0,0,0,NA,NA,90,NA,NA,90,NA,NA,NA,NA,NA,NA,1,NA,1,2,NA,210,225,"F",NA,NA,NA,NA
"YIN040001001","Mammalia","Chiroptera","Yinpterochiroptera","Rhinonycteridae",NA,"Triaenops","afer","Triaenops_afer",NA,NA,NA,NA,NA,NA,NA,NA,NA,NA,NA,NA,NA,1,0,1,NA,NA,NA,60,240,150,NA,NA,NA,NA,NA,NA,1,NA,1,NA,1,NA,365,NA,NA,NA,NA,NA
"YIN040001002","Mammalia","Chiroptera","Yinpterochiroptera","Rhinonycteridae",NA,"Triaenops","menamena","Triaenops_menamena",NA,NA,NA,NA,NA,NA,NA,NA,NA,NA,NA,NA,NA,NA,NA,NA,NA,NA,NA,NA,NA,NA,NA,NA,NA,NA,NA,NA,1,NA,1,NA,1,NA,365,NA,NA,NA,NA,NA
"YIN040002001","Mammalia","Chiroptera","Yinpterochiroptera","Rhinonycteridae",NA,"Cloeotis","percivali","Cloeotis_percivali",NA,NA,NA,NA,NA,NA,NA,NA,NA,NA,NA,NA,NA,NA,NA,NA,NA,NA,NA,NA,NA,NA,NA,NA,NA,NA,NA,NA,1,NA,1,NA,1,NA,365,NA,NA,NA,NA,NA
"YIN040003001","Mammalia","Chiroptera","Yinpterochiroptera","Rhinonycteridae",NA,"Paratriaenops","auritus","Paratriaenops_auritus",NA,NA,NA,NA,NA,NA,NA,NA,NA,NA,NA,NA,NA,NA,NA,NA,NA,NA,NA,NA,NA,NA,NA,NA,NA,NA,NA,NA,1,NA,1,NA,1,NA,365,NA,NA,NA,NA,NA
"YIN040003002","Mammalia","Chiroptera","Yinpterochiroptera","Rhinonycteridae",NA,"Paratriaenops","furculus","Paratriaenops_furcula",NA,NA,NA,NA,NA,NA,NA,NA,NA,NA,NA,NA,NA,NA,NA,NA,NA,NA,NA,NA,NA,NA,NA,NA,NA,NA,NA,NA,1,NA,1,NA,1,NA,365,NA,NA,NA,NA,NA
"YIN040003003","Mammalia","Chiroptera","Yinpterochiroptera","Rhinonycteridae",NA,"Paratriaenops","pauliani","Paratriaenops_pauliani",NA,NA,NA,NA,NA,NA,NA,NA,NA,NA,NA,NA,NA,NA,NA,NA,NA,NA,NA,NA,NA,NA,NA,NA,NA,NA,NA,NA,1,NA,1,NA,1,NA,365,NA,NA,NA,NA,NA
"YIN050001001","Mammalia","Chiroptera","Yinpterochiroptera","Hipposideridae",NA,"Asellia","italosomalica","Asellia_italosomalica",NA,NA,NA,NA,NA,NA,NA,NA,NA,NA,NA,NA,NA,NA,NA,NA,NA,NA,NA,NA,NA,NA,NA,NA,NA,NA,NA,NA,1,NA,1,NA,NA,NA,NA,"F",NA,NA,NA,NA
"YIN050001002","Mammalia","Chiroptera","Yinpterochiroptera","Hipposideridae",NA,"Asellia","patrizii","Asellia_patrizii",NA,NA,NA,NA,NA,NA,NA,NA,NA,NA,NA,NA,NA,NA,NA,NA,NA,NA,NA,NA,NA,NA,NA,NA,NA,NA,NA,NA,1,NA,1,NA,NA,NA,NA,"F",NA,NA,NA,NA
"YIN050001003","Mammalia","Chiroptera","Yinpterochiroptera","Hipposideridae",NA,"Asellia","tridens","Asellia_tridens",NA,NA,NA,NA,NA,NA,NA,NA,NA,NA,NA,NA,NA,NA,NA,NA,NA,NA,NA,NA,NA,NA,NA,NA,40,NA,NA,NA,1,NA,1,NA,1,NA,365,"F",1,NA,NA,NA
"YIN050002001","Mammalia","Chiroptera","Yinpterochiroptera","Hipposideridae",NA,"Doryrhina","camerunensis","Doryrhina_camerunensis",NA,NA,NA,NA,NA,NA,NA,NA,NA,NA,NA,NA,NA,NA,NA,NA,NA,NA,NA,NA,NA,NA,NA,NA,NA,NA,NA,NA,1,NA,1,NA,NA,NA,NA,"F",NA,NA,NA,NA
"YIN050002002","Mammalia","Chiroptera","Yinpterochiroptera","Hipposideridae",NA,"Doryrhina","cyclops","Doryrhina_cyclops",NA,NA,NA,NA,NA,NA,NA,NA,NA,NA,NA,NA,NA,NA,NA,NA,NA,NA,NA,NA,NA,NA,NA,NA,NA,NA,NA,NA,1,NA,1,NA,1,NA,365,"F",NA,NA,NA,NA
"YIN050003001","Mammalia","Chiroptera","Yinpterochiroptera","Hipposideridae",NA,"Macronycteris","commersoni","Macronycteris_commersonii",NA,NA,NA,NA,NA,NA,NA,NA,NA,NA,NA,NA,NA,NA,NA,NA,NA,NA,NA,NA,NA,NA,NA,NA,NA,NA,NA,NA,1,NA,1,NA,NA,NA,NA,"F",1,NA,NA,NA
"YIN050003002","Mammalia","Chiroptera","Yinpterochiroptera","Hipposideridae",NA,"Macronycteris","cryptovalorona","Macronycteris_cryptovalorona",NA,NA,NA,NA,NA,NA,NA,NA,NA,NA,NA,NA,NA,NA,NA,NA,NA,NA,NA,NA,NA,NA,NA,NA,NA,NA,NA,NA,1,NA,1,NA,NA,NA,NA,"F",NA,NA,NA,NA
"YIN050003003","Mammalia","Chiroptera","Yinpterochiroptera","Hipposideridae",NA,"Macronycteris","gigas","Macronycteris_gigas",NA,NA,NA,NA,NA,NA,NA,NA,NA,730,NA,NA,NA,0,0,0,120,150,NA,120,150,NA,NA,NA,NA,NA,NA,NA,1,NA,1,NA,1,NA,365,"F",1,NA,NA,NA
"YIN050003004","Mammalia","Chiroptera","Yinpterochiroptera","Hipposideridae",NA,"Macronycteris","thomensis","Macronycteris_thomensis",NA,NA,NA,NA,NA,NA,NA,NA,NA,NA,NA,NA,NA,NA,NA,NA,NA,NA,NA,NA,NA,NA,NA,NA,NA,NA,NA,NA,1,NA,1,NA,NA,NA,NA,"F",NA,NA,NA,NA
"YIN050003005","Mammalia","Chiroptera","Yinpterochiroptera","Hipposideridae",NA,"Macronycteris","vittatus","Macronycteris_vittatus",NA,NA,NA,NA,NA,NA,NA,NA,NA,NA,NA,NA,NA,NA,NA,NA,NA,NA,NA,180,240,210,91,NA,NA,NA,NA,NA,1,NA,1,NA,1,NA,365,"F",1,NA,NA,NA
"YIN050004001","Mammalia","Chiroptera","Yinpterochiroptera","Hipposideridae",NA,"Hipposideros","megalotis","Hipposideros_megalotis",NA,NA,NA,NA,NA,NA,NA,NA,NA,NA,NA,NA,NA,NA,NA,NA,NA,NA,NA,NA,NA,NA,NA,NA,NA,NA,NA,NA,1,NA,1,NA,NA,NA,NA,"F",NA,NA,NA,NA
"YIN050004002","Mammalia","Chiroptera","Yinpterochiroptera","Hipposideridae",NA,"Hipposideros","curtus","Hipposideros_curtus",NA,NA,NA,NA,NA,NA,NA,NA,NA,NA,NA,NA,NA,NA,NA,NA,NA,NA,NA,NA,NA,NA,NA,NA,NA,NA,NA,NA,1,NA,1,NA,NA,NA,NA,"F",NA,NA,NA,NA
"YIN050004003","Mammalia","Chiroptera","Yinpterochiroptera","Hipposideridae",NA,"Hipposideros","jonesi","Hipposideros_jonesi",NA,NA,NA,NA,NA,NA,NA,NA,NA,NA,NA,NA,NA,NA,NA,NA,NA,NA,NA,NA,NA,NA,NA,NA,NA,NA,NA,NA,1,NA,1,NA,NA,NA,NA,"F",NA,NA,NA,NA
"YIN050004004","Mammalia","Chiroptera","Yinpterochiroptera","Hipposideridae",NA,"Hipposideros","marisae","Hipposideros_marisae",NA,NA,NA,NA,NA,NA,NA,NA,NA,NA,NA,NA,NA,NA,NA,NA,NA,NA,NA,NA,NA,NA,NA,NA,NA,NA,NA,NA,1,NA,1,NA,NA,NA,NA,"F",NA,NA,NA,NA
"YIN050004005","Mammalia","Chiroptera","Yinpterochiroptera","Hipposideridae",NA,"Hipposideros","abae","Hipposideros_abae",NA,NA,NA,NA,NA,NA,NA,NA,NA,NA,NA,NA,NA,NA,NA,NA,NA,NA,NA,NA,NA,NA,NA,NA,NA,NA,NA,NA,1,NA,1,NA,NA,NA,NA,"F",NA,NA,NA,NA
"YIN050004006","Mammalia","Chiroptera","Yinpterochiroptera","Hipposideridae",NA,"Hipposideros","beatus","Hipposideros_beatus",4,NA,NA,365,NA,NA,180,NA,NA,NA,NA,NA,NA,0,0,0,120,180,150,120,180,150,NA,NA,NA,NA,NA,NA,1,NA,1,NA,NA,NA,NA,"F",NA,NA,NA,NA
"YIN050004007","Mammalia","Chiroptera","Yinpterochiroptera","Hipposideridae",NA,"Hipposideros","caffer","Hipposideros_caffer",3,NA,NA,NA,NA,NA,NA,NA,NA,NA,NA,NA,NA,0,0,1,NA,NA,NA,NA,NA,220,NA,NA,60,NA,NA,NA,1,NA,1,NA,1,NA,365,"F",NA,NA,NA,NA
"YIN050004008","Mammalia","Chiroptera","Yinpterochiroptera","Hipposideridae",NA,"Hipposideros","fuliginosus","Hipposideros_fuliginosus",NA,NA,NA,NA,NA,NA,NA,NA,NA,NA,NA,NA,NA,NA,NA,NA,NA,NA,NA,NA,NA,NA,NA,NA,NA,NA,NA,NA,1,NA,1,NA,1,NA,365,"F",NA,NA,NA,NA
"YIN050004009","Mammalia","Chiroptera","Yinpterochiroptera","Hipposideridae",NA,"Hipposideros","lamottei","Hipposideros_lamottei",NA,NA,NA,NA,NA,NA,NA,NA,NA,NA,NA,NA,NA,NA,NA,NA,NA,NA,NA,NA,NA,NA,NA,NA,NA,NA,NA,NA,1,NA,1,NA,NA,NA,NA,"F",NA,NA,NA,NA
"YIN050004010","Mammalia","Chiroptera","Yinpterochiroptera","Hipposideridae",NA,"Hipposideros","ruber","Hipposideros_ruber",NA,NA,NA,NA,NA,NA,NA,NA,NA,NA,NA,NA,NA,0,0,1,NA,NA,NA,180,210,195,NA,NA,90,NA,NA,NA,1,NA,1,NA,1,NA,365,"F",NA,NA,NA,NA
"YIN050004011","Mammalia","Chiroptera","Yinpterochiroptera","Hipposideridae",NA,"Hipposideros","tephrus","Hipposideros_tephrus",NA,NA,NA,NA,NA,NA,NA,NA,NA,NA,NA,NA,NA,0,0,0,NA,NA,180,NA,NA,180,NA,NA,60,NA,NA,NA,1,NA,1,NA,1,NA,365,"F",1,NA,NA,NA
"YIN060001001","Mammalia","Chiroptera","Yinpterochiroptera","Rhinolophidae",NA,"Rhinolophus","adami","Rhinolophus_adami",NA,NA,NA,NA,NA,NA,NA,NA,NA,NA,NA,NA,NA,NA,NA,NA,NA,NA,NA,NA,NA,NA,NA,NA,NA,NA,NA,NA,1,NA,1,NA,NA,NA,NA,NA,NA,NA,NA,NA
"YIN060001002","Mammalia","Chiroptera","Yinpterochiroptera","Rhinolophidae",NA,"Rhinolophus","maendeleo","Rhinolophus_maendeleo",NA,NA,NA,NA,NA,NA,NA,NA,NA,NA,NA,NA,NA,NA,NA,NA,NA,NA,NA,NA,NA,NA,NA,NA,NA,NA,NA,NA,1,NA,1,NA,NA,NA,NA,NA,NA,NA,NA,NA
"YIN060001003","Mammalia","Chiroptera","Yinpterochiroptera","Rhinolophidae",NA,"Rhinolophus","alcyone","Rhinolophus_alcyone",NA,NA,NA,NA,NA,NA,NA,NA,NA,NA,NA,NA,NA,NA,NA,NA,NA,NA,NA,NA,NA,NA,NA,NA,NA,NA,NA,NA,1,NA,1,NA,NA,NA,NA,NA,NA,NA,NA,NA
"YIN060001004","Mammalia","Chiroptera","Yinpterochiroptera","Rhinolophidae",NA,"Rhinolophus","landeri","Rhinolophus_landeri",NA,NA,NA,NA,NA,NA,NA,NA,NA,NA,NA,NA,NA,0,1,0,90,120,105,150,180,165,NA,NA,NA,NA,NA,NA,1,NA,1,NA,1,NA,365,"F",1,NA,NA,NA
"YIN060001005","Mammalia","Chiroptera","Yinpterochiroptera","Rhinolophidae",NA,"Rhinolophus","guineensis","Rhinolophus_guineensis",NA,NA,NA,NA,NA,NA,NA,NA,NA,NA,NA,NA,NA,NA,NA,NA,NA,NA,NA,NA,NA,NA,NA,NA,NA,NA,NA,NA,1,NA,1,NA,NA,NA,NA,NA,NA,NA,NA,NA
"YIN060001006","Mammalia","Chiroptera","Yinpterochiroptera","Rhinolophidae",NA,"Rhinolophus","blasii","Rhinolophus_blasii",NA,NA,NA,NA,NA,NA,NA,NA,NA,NA,NA,NA,NA,0,1,0,NA,NA,NA,NA,NA,NA,NA,NA,NA,NA,NA,NA,1,NA,1,NA,NA,NA,NA,"F",1,30,400,215
"YIN060001007","Mammalia","Chiroptera","Yinpterochiroptera","Rhinolophidae",NA,"Rhinolophus","lobatus","Rhinolophus_lobatus",NA,NA,NA,NA,NA,NA,NA,NA,NA,730,NA,NA,NA,0,1,0,NA,NA,NA,NA,NA,NA,NA,NA,NA,NA,NA,NA,1,NA,1,NA,1,NA,365,NA,NA,NA,NA,NA
"YIN060001008","Mammalia","Chiroptera","Yinpterochiroptera","Rhinolophidae",NA,"Rhinolophus","swinnyi","Rhinolophus_swinnyi",NA,NA,NA,NA,NA,NA,NA,NA,NA,NA,NA,NA,NA,NA,NA,NA,NA,NA,NA,NA,NA,NA,NA,NA,NA,NA,NA,NA,1,NA,1,NA,NA,NA,NA,NA,NA,NA,NA,NA
"YIN060001009","Mammalia","Chiroptera","Yinpterochiroptera","Rhinolophidae",NA,"Rhinolophus","capensis","Rhinolophus_capensis",NA,NA,NA,730,NA,NA,NA,NA,NA,NA,NA,NA,730,0,0,0,NA,NA,105,NA,NA,105,NA,NA,NA,NA,NA,NA,1,NA,1,NA,1,NA,365,"F",NA,NA,NA,NA
"YIN060001010","Mammalia","Chiroptera","Yinpterochiroptera","Rhinolophidae",NA,"Rhinolophus","gorongosae","Rhinolophus_gorongosae",NA,NA,NA,NA,NA,NA,NA,NA,NA,NA,NA,NA,NA,NA,NA,NA,NA,NA,NA,NA,NA,NA,NA,NA,NA,NA,NA,NA,1,NA,1,NA,NA,NA,NA,NA,NA,NA,NA,NA
"YIN060001011","Mammalia","Chiroptera","Yinpterochiroptera","Rhinolophidae",NA,"Rhinolophus","rhodesiae","Rhinolophus_rhodesiae",NA,NA,NA,NA,NA,NA,NA,NA,NA,NA,NA,NA,NA,NA,NA,NA,NA,NA,NA,NA,NA,NA,NA,NA,NA,NA,NA,NA,1,NA,1,NA,NA,NA,NA,NA,NA,NA,NA,NA
"YIN060001012","Mammalia","Chiroptera","Yinpterochiroptera","Rhinolophidae",NA,"Rhinolophus","simulator","Rhinolophus_simulator",NA,NA,NA,NA,NA,NA,NA,NA,NA,NA,NA,NA,NA,0,1,0,NA,NA,NA,NA,NA,110,NA,NA,NA,NA,NA,NA,1,NA,1,NA,1,NA,365,"F",1,NA,NA,NA
"YIN060001013","Mammalia","Chiroptera","Yinpterochiroptera","Rhinolophidae",NA,"Rhinolophus","denti","Rhinolophus_denti",NA,NA,NA,NA,NA,NA,NA,NA,NA,NA,NA,NA,NA,NA,NA,NA,NA,NA,NA,NA,NA,NA,NA,NA,NA,NA,NA,NA,1,NA,1,NA,NA,NA,NA,NA,NA,NA,NA,NA
"YIN060001014","Mammalia","Chiroptera","Yinpterochiroptera","Rhinolophidae",NA,"Rhinolophus","alticolus","Rhinolophus alticolus",NA,NA,NA,NA,NA,NA,NA,NA,NA,NA,NA,NA,NA,NA,NA,NA,NA,NA,NA,NA,NA,NA,NA,NA,NA,NA,NA,NA,1,NA,1,NA,NA,NA,NA,NA,NA,NA,NA,NA
"YIN060001015","Mammalia","Chiroptera","Yinpterochiroptera","Rhinolophidae",NA,"Rhinolophus","mehelyi","Rhinolophus_mehelyi",NA,NA,NA,730,NA,NA,1095,NA,NA,NA,NA,NA,NA,1,0,0,NA,NA,NA,NA,NA,NA,NA,NA,NA,NA,NA,NA,1,NA,1,NA,1,NA,365,"F",1,NA,3000,NA
"YIN060001016","Mammalia","Chiroptera","Yinpterochiroptera","Rhinolophidae",NA,"Rhinolophus","euryale","Rhinolophus_euryale",NA,450,803,626.5,NA,NA,912.5,NA,NA,NA,NA,NA,NA,1,0,0,NA,NA,90,NA,NA,NA,NA,NA,NA,NA,NA,NA,1,NA,1,NA,1,NA,365,"F",1,50,400,225
"YIN060001017","Mammalia","Chiroptera","Yinpterochiroptera","Rhinolophidae",NA,"Rhinolophus","hildebrandtii","Rhinolophus_hildebrandtii",NA,NA,NA,NA,NA,NA,NA,NA,NA,NA,NA,NA,NA,0,0,0,NA,NA,120,NA,NA,120,NA,NA,NA,NA,NA,NA,1,NA,1,NA,1,NA,365,"F",1,NA,NA,NA
"YIN060001018","Mammalia","Chiroptera","Yinpterochiroptera","Rhinolophidae",NA,"Rhinolophus","mabuensis","Rhinolophus_mabuensis",NA,NA,NA,NA,NA,NA,NA,NA,NA,NA,NA,NA,NA,NA,NA,NA,NA,NA,NA,NA,NA,NA,NA,NA,NA,NA,NA,NA,1,NA,1,NA,NA,NA,NA,NA,NA,NA,NA,NA
"YIN060001019","Mammalia","Chiroptera","Yinpterochiroptera","Rhinolophidae",NA,"Rhinolophus","cohenae","Rhinolophus_cohenae",NA,NA,NA,NA,NA,NA,NA,NA,NA,NA,NA,NA,NA,NA,NA,NA,NA,NA,NA,NA,NA,NA,NA,NA,NA,NA,NA,NA,1,NA,1,NA,NA,NA,NA,NA,NA,NA,NA,NA
"YIN060001020","Mammalia","Chiroptera","Yinpterochiroptera","Rhinolophidae",NA,"Rhinolophus","smithersi","Rhinolophus_smithersi",NA,NA,NA,NA,NA,NA,NA,NA,NA,NA,NA,NA,NA,NA,NA,NA,NA,NA,NA,NA,NA,NA,NA,NA,NA,NA,NA,NA,1,NA,1,NA,NA,NA,NA,NA,NA,NA,NA,NA
"YIN060001021","Mammalia","Chiroptera","Yinpterochiroptera","Rhinolophidae",NA,"Rhinolophus","mossambicus","Rhinolophus_mossambicus",NA,NA,NA,NA,NA,NA,NA,NA,NA,NA,NA,NA,NA,0,0,0,NA,NA,90,NA,NA,90,NA,NA,90,NA,NA,NA,1,NA,1,NA,NA,NA,NA,NA,NA,NA,NA,NA
"YIN060001022","Mammalia","Chiroptera","Yinpterochiroptera","Rhinolophidae",NA,"Rhinolophus","fumigatus","Rhinolophus_fumigatus",NA,NA,NA,NA,NA,NA,NA,NA,NA,NA,NA,NA,NA,NA,NA,NA,NA,NA,NA,NA,NA,NA,NA,NA,NA,NA,NA,NA,1,NA,1,NA,1,NA,365,"F",1,NA,NA,NA
"YIN060001023","Mammalia","Chiroptera","Yinpterochiroptera","Rhinolophidae",NA,"Rhinolophus","eloquens","Rhinolophus_eloquens",NA,NA,NA,NA,NA,NA,NA,NA,NA,NA,NA,NA,NA,NA,NA,NA,NA,NA,NA,NA,NA,NA,NA,NA,NA,NA,NA,NA,1,NA,1,NA,NA,NA,NA,NA,NA,NA,NA,NA
"YIN060001024","Mammalia","Chiroptera","Yinpterochiroptera","Rhinolophidae",NA,"Rhinolophus","darlingi","Rhinolophus_darlingi",NA,NA,NA,NA,NA,NA,NA,NA,NA,NA,NA,NA,NA,NA,NA,NA,NA,NA,NA,NA,NA,NA,NA,NA,NA,NA,NA,NA,1,2,1,NA,NA,NA,NA,NA,NA,NA,NA,NA
"YIN060001025","Mammalia","Chiroptera","Yinpterochiroptera","Rhinolophidae",NA,"Rhinolophus","damarensis","Rhinolophus_damarensis",NA,NA,NA,NA,NA,NA,NA,NA,NA,NA,NA,NA,NA,NA,NA,NA,NA,NA,NA,NA,NA,NA,NA,NA,NA,NA,NA,NA,1,NA,1,NA,NA,NA,NA,NA,NA,NA,NA,NA
"YIN060001026","Mammalia","Chiroptera","Yinpterochiroptera","Rhinolophidae",NA,"Rhinolophus","deckenii","Rhinolophus_deckenii",NA,NA,NA,NA,NA,NA,NA,NA,NA,NA,NA,NA,NA,NA,NA,NA,NA,NA,NA,NA,NA,NA,NA,NA,NA,NA,NA,NA,1,NA,1,NA,NA,NA,NA,NA,NA,NA,NA,NA
"YIN060001027","Mammalia","Chiroptera","Yinpterochiroptera","Rhinolophidae",NA,"Rhinolophus","silvestris","Rhinolophus_silvestris",NA,NA,NA,NA,NA,NA,NA,NA,NA,NA,NA,NA,NA,NA,NA,NA,NA,NA,NA,NA,NA,NA,NA,NA,NA,NA,NA,NA,1,NA,1,NA,NA,NA,NA,NA,NA,NA,NA,NA
"YIN060001028","Mammalia","Chiroptera","Yinpterochiroptera","Rhinolophidae",NA,"Rhinolophus","hillorum","Rhinolophus_hillorum",NA,NA,NA,NA,NA,NA,NA,NA,NA,NA,NA,NA,NA,NA,NA,NA,NA,NA,NA,NA,NA,NA,NA,NA,NA,NA,NA,NA,1,NA,1,NA,NA,NA,NA,NA,NA,NA,NA,NA
"YIN060001029","Mammalia","Chiroptera","Yinpterochiroptera","Rhinolophidae",NA,"Rhinolophus","sakejiensis","Rhinolophus_sakejiensis",NA,NA,NA,NA,NA,NA,NA,NA,NA,NA,NA,NA,NA,NA,NA,NA,NA,NA,NA,NA,NA,NA,NA,NA,NA,NA,NA,NA,1,NA,1,NA,NA,NA,NA,NA,NA,NA,NA,NA
"YIN060001030","Mammalia","Chiroptera","Yinpterochiroptera","Rhinolophidae",NA,"Rhinolophus","ferrumequinum","Rhinolophus_ferrumequinum",3,730,1460,1095,NA,NA,1095,NA,NA,NA,1095,1825,1460,0,0,1,NA,NA,63,NA,NA,75,NA,NA,NA,NA,NA,NA,1,NA,1,NA,1,NA,365,"F",1,100,1000,550
"YIN060001031","Mammalia","Chiroptera","Yinpterochiroptera","Rhinolophidae",NA,"Rhinolophus","clivosus","Rhinolophus_clivosus",NA,NA,NA,NA,540,1260,900,NA,NA,NA,NA,NA,NA,1,1,0,NA,NA,NA,NA,NA,105,NA,NA,60,NA,NA,NA,1,NA,1,NA,1,NA,365,NA,NA,NA,NA,NA
"YIN060001032","Mammalia","Chiroptera","Yinpterochiroptera","Rhinolophidae",NA,"Rhinolophus","horaceki","Rhinolophus_horaceki",NA,NA,NA,NA,NA,NA,NA,NA,NA,NA,NA,NA,NA,NA,NA,NA,NA,NA,NA,NA,NA,NA,NA,NA,NA,NA,NA,NA,1,NA,NA,NA,NA,NA,NA,"F",1,NA,NA,NA
"YIN060001033","Mammalia","Chiroptera","Yinpterochiroptera","Rhinolophidae",NA,"Rhinolophus","maclaudi","Rhinolophus_maclaudi",NA,NA,NA,NA,NA,NA,NA,NA,NA,NA,NA,NA,NA,NA,NA,NA,NA,NA,NA,NA,NA,NA,NA,NA,NA,NA,NA,NA,1,NA,1,NA,NA,NA,NA,NA,NA,NA,NA,NA
"YIN060001034","Mammalia","Chiroptera","Yinpterochiroptera","Rhinolophidae",NA,"Rhinolophus","ziama","Rhinolophus_ziama",NA,NA,NA,NA,NA,NA,NA,NA,NA,NA,NA,NA,NA,NA,NA,NA,NA,NA,NA,NA,NA,NA,NA,NA,NA,NA,NA,NA,1,NA,1,NA,NA,NA,NA,NA,NA,NA,NA,NA
"YIN060001035","Mammalia","Chiroptera","Yinpterochiroptera","Rhinolophidae",NA,"Rhinolophus","hilli","Rhinolophus_hilli",NA,NA,NA,NA,NA,NA,NA,NA,NA,NA,NA,NA,NA,NA,NA,NA,NA,NA,NA,NA,NA,NA,NA,NA,NA,NA,NA,NA,1,NA,1,NA,NA,NA,NA,NA,NA,NA,NA,NA
"YIN060001036","Mammalia","Chiroptera","Yinpterochiroptera","Rhinolophidae",NA,"Rhinolophus","kahuzi","Rhinolophus_kahuzi",NA,NA,NA,NA,NA,NA,NA,NA,NA,NA,NA,NA,NA,NA,NA,NA,NA,NA,NA,NA,NA,NA,NA,NA,NA,NA,NA,NA,1,NA,1,NA,NA,NA,NA,NA,NA,NA,NA,NA
"YIN060001037","Mammalia","Chiroptera","Yinpterochiroptera","Rhinolophidae",NA,"Rhinolophus","willardi","Rhinolophus_willardi",NA,NA,NA,NA,NA,NA,NA,NA,NA,NA,NA,NA,NA,NA,NA,NA,NA,NA,NA,NA,NA,NA,NA,NA,NA,NA,NA,NA,1,NA,1,NA,NA,NA,NA,NA,NA,NA,NA,NA
"YIN060001038","Mammalia","Chiroptera","Yinpterochiroptera","Rhinolophidae",NA,"Rhinolophus","ruwenzorii","Rhinolophus_ruwenzorii",NA,NA,NA,NA,NA,NA,NA,NA,NA,NA,NA,NA,NA,NA,NA,NA,NA,NA,NA,NA,NA,NA,NA,NA,NA,NA,NA,NA,1,NA,1,NA,NA,NA,NA,NA,NA,NA,NA,NA
"YIN060001039","Mammalia","Chiroptera","Yinpterochiroptera","Rhinolophidae",NA,"Rhinolophus","hipposideros","Rhinolophus_hipposideros",NA,NA,NA,NA,NA,NA,NA,NA,NA,365,NA,NA,730,1,0,0,NA,NA,NA,NA,NA,NA,NA,NA,NA,NA,NA,NA,1,2,1,NA,1,NA,365,"F",1,10,1500,755
"YAN010101001","Mammalia","Chiroptera","Yangochiroptera","Emballonuridae","Taphozoninae","Taphozous","nudiventris","Taphozous_nudiventris",NA,NA,NA,NA,NA,NA,NA,NA,NA,NA,NA,NA,NA,NA,NA,NA,NA,NA,NA,NA,NA,NA,NA,NA,NA,NA,NA,NA,1,NA,1,NA,NA,NA,NA,NA,NA,NA,NA,NA
"YAN010101002","Mammalia","Chiroptera","Yangochiroptera","Emballonuridae","Taphozoninae","Taphozous","perforatus","Taphozous_perforatus",NA,NA,NA,NA,NA,NA,NA,NA,NA,NA,NA,NA,NA,NA,NA,NA,NA,NA,NA,NA,NA,NA,NA,NA,NA,NA,NA,NA,1,NA,1,NA,2,NA,NA,NA,NA,NA,NA,NA
"YAN010101003","Mammalia","Chiroptera","Yangochiroptera","Emballonuridae","Taphozoninae","Taphozous","mauritianus","Taphozous_mauritianus",NA,NA,NA,NA,NA,NA,NA,NA,NA,NA,NA,NA,NA,NA,NA,NA,NA,NA,NA,NA,NA,NA,NA,NA,NA,NA,NA,NA,1,NA,1,NA,NA,NA,NA,"F",NA,NA,NA,NA
"YAN010101004","Mammalia","Chiroptera","Yangochiroptera","Emballonuridae","Taphozoninae","Taphozous","hamiltoni","Taphozous_hamiltoni",NA,NA,NA,NA,NA,NA,NA,NA,NA,NA,NA,NA,NA,NA,NA,NA,NA,NA,NA,NA,NA,NA,NA,NA,NA,NA,NA,NA,1,NA,1,NA,NA,NA,NA,NA,NA,NA,NA,NA
"YAN010101005","Mammalia","Chiroptera","Yangochiroptera","Emballonuridae","Taphozoninae","Taphozous","hildegardeae","Taphozous_hildegardeae",3,NA,NA,NA,NA,NA,NA,NA,NA,NA,NA,NA,NA,NA,NA,NA,NA,NA,NA,NA,NA,140,NA,NA,NA,NA,NA,NA,1,NA,1,NA,1,NA,365,NA,NA,NA,NA,NA
"YAN010102001","Mammalia","Chiroptera","Yangochiroptera","Emballonuridae","Taphozoninae","Saccolaimus","peli","Saccolaimus_peli",NA,NA,NA,NA,NA,NA,NA,NA,NA,NA,NA,NA,NA,NA,NA,NA,NA,NA,NA,NA,NA,NA,NA,NA,NA,NA,NA,NA,1,NA,1,NA,NA,NA,NA,NA,NA,NA,NA,NA
"YAN010201001","Mammalia","Chiroptera","Yangochiroptera","Emballonuridae","Emballonurinae","Paremballonura","tiavato","Paremballonura_tiavato",NA,NA,NA,NA,NA,NA,NA,NA,NA,NA,NA,NA,NA,0,0,0,NA,NA,90,NA,NA,90,NA,NA,NA,NA,NA,NA,1,NA,1,NA,1,NA,365,NA,NA,NA,NA,NA
"YAN010201002","Mammalia","Chiroptera","Yangochiroptera","Emballonuridae","Emballonurinae","Paremballonura","atrata","Paremballonura_atrata",NA,NA,NA,NA,NA,NA,NA,NA,NA,NA,NA,NA,NA,NA,NA,NA,NA,NA,NA,NA,NA,NA,NA,NA,NA,NA,NA,NA,1,NA,1,NA,NA,NA,NA,NA,NA,NA,NA,NA
"YAN010202001","Mammalia","Chiroptera","Yangochiroptera","Emballonuridae","Emballonurinae","Coleura","afra","Coleura_afra",3,NA,NA,365,NA,NA,365,NA,NA,NA,NA,NA,NA,0,0,0,NA,NA,118,NA,NA,118,NA,NA,NA,NA,NA,NA,1,NA,1,NA,2,180,240,"F",NA,NA,NA,NA
"YAN010202002","Mammalia","Chiroptera","Yangochiroptera","Emballonuridae","Emballonurinae","Coleura","seychellensis","Coleura_seychellensis",3,NA,NA,NA,NA,NA,NA,NA,NA,NA,NA,NA,NA,0,0,0,NA,NA,NA,NA,NA,NA,NA,NA,NA,NA,NA,NA,1,NA,1,NA,1,NA,365,"F",NA,NA,NA,NA
"YAN010202003","Mammalia","Chiroptera","Yangochiroptera","Emballonuridae","Emballonurinae","Coleura","kibomalandy","Coleura_kibomalandy",NA,NA,NA,NA,NA,NA,NA,NA,NA,NA,NA,NA,NA,NA,NA,NA,NA,NA,NA,NA,NA,NA,NA,NA,NA,NA,NA,NA,1,NA,1,NA,2,NA,NA,NA,NA,NA,NA,NA
"YAN020001001","Mammalia","Chiroptera","Yangochiroptera","Nycteridae",NA,"Nycteris","arge","Nycteris_arge",NA,NA,NA,NA,NA,NA,NA,NA,NA,NA,NA,NA,NA,NA,NA,NA,NA,NA,NA,NA,NA,NA,NA,NA,NA,NA,NA,NA,1,NA,1,NA,NA,NA,NA,"F",NA,NA,NA,NA
"YAN020001002","Mammalia","Chiroptera","Yangochiroptera","Nycteridae",NA,"Nycteris","intermedia","Nycteris_intermedia",NA,NA,NA,NA,NA,NA,NA,NA,NA,NA,NA,NA,NA,NA,NA,NA,NA,NA,NA,NA,NA,NA,NA,NA,NA,NA,NA,NA,1,NA,1,NA,NA,NA,NA,"F",NA,NA,NA,NA
"YAN020001003","Mammalia","Chiroptera","Yangochiroptera","Nycteridae",NA,"Nycteris","nana","Nycteris_nana",NA,NA,NA,NA,NA,NA,NA,NA,NA,NA,NA,NA,NA,NA,NA,NA,NA,NA,NA,NA,NA,NA,NA,NA,NA,NA,NA,NA,1,NA,1,NA,NA,NA,NA,"F",1,NA,NA,NA
"YAN020001004","Mammalia","Chiroptera","Yangochiroptera","Nycteridae",NA,"Nycteris","major","Nycteris_major",NA,NA,NA,NA,NA,NA,NA,NA,NA,NA,NA,NA,NA,NA,NA,NA,NA,NA,NA,NA,NA,NA,NA,NA,NA,NA,NA,NA,1,NA,1,NA,NA,NA,NA,"F",NA,NA,NA,NA
"YAN020001005","Mammalia","Chiroptera","Yangochiroptera","Nycteridae",NA,"Nycteris","aurita","Nycteris_aurita",NA,NA,NA,NA,NA,NA,NA,NA,NA,NA,NA,NA,NA,NA,NA,NA,NA,NA,NA,NA,NA,NA,NA,NA,NA,NA,NA,NA,1,NA,1,NA,NA,NA,NA,"F",NA,NA,NA,NA
"YAN020001006","Mammalia","Chiroptera","Yangochiroptera","Nycteridae",NA,"Nycteris","grandis","Nycteris_grandis",NA,NA,NA,NA,NA,NA,NA,NA,NA,NA,NA,NA,NA,NA,NA,NA,NA,NA,NA,NA,NA,NA,NA,NA,NA,NA,NA,NA,1,NA,1,NA,NA,NA,NA,"F",NA,NA,NA,NA
"YAN020001007","Mammalia","Chiroptera","Yangochiroptera","Nycteridae",NA,"Nycteris","hispida","Nycteris_hispida",NA,NA,NA,NA,NA,NA,NA,NA,NA,NA,NA,NA,NA,NA,NA,NA,NA,NA,NA,NA,NA,NA,NA,NA,NA,NA,NA,NA,1,NA,1,NA,NA,NA,NA,"F",NA,NA,NA,NA
"YAN020001008","Mammalia","Chiroptera","Yangochiroptera","Nycteridae",NA,"Nycteris","macrotis","Nycteris_macrotis",NA,NA,NA,NA,NA,NA,NA,NA,NA,NA,NA,NA,NA,NA,NA,NA,NA,NA,NA,NA,NA,NA,NA,NA,NA,NA,NA,NA,1,NA,1,NA,NA,NA,NA,"F",NA,NA,NA,NA
"YAN020001009","Mammalia","Chiroptera","Yangochiroptera","Nycteridae",NA,"Nycteris","madagascariensis","Nycteris_madagascariensis",NA,NA,NA,NA,NA,NA,NA,NA,NA,NA,NA,NA,NA,NA,NA,NA,NA,NA,NA,NA,NA,NA,NA,NA,NA,NA,NA,NA,1,NA,1,NA,NA,NA,NA,"F",NA,NA,NA,NA
"YAN020001010","Mammalia","Chiroptera","Yangochiroptera","Nycteridae",NA,"Nycteris","parisii","Nycteris_parisii",NA,NA,NA,NA,NA,NA,NA,NA,NA,NA,NA,NA,NA,NA,NA,NA,NA,NA,NA,NA,NA,NA,NA,NA,NA,NA,NA,NA,1,NA,1,NA,NA,NA,NA,"F",NA,NA,NA,NA
"YAN020001011","Mammalia","Chiroptera","Yangochiroptera","Nycteridae",NA,"Nycteris","woodi","Nycteris_woodi",NA,NA,NA,NA,NA,NA,NA,NA,NA,NA,NA,NA,NA,NA,NA,NA,NA,NA,NA,NA,NA,NA,NA,NA,NA,NA,NA,NA,1,NA,1,NA,NA,NA,NA,"F",NA,NA,NA,NA
"YAN020001012","Mammalia","Chiroptera","Yangochiroptera","Nycteridae",NA,"Nycteris","gambiensis","Nycteris_gambiensis",NA,NA,NA,NA,NA,NA,NA,NA,NA,NA,NA,NA,NA,NA,NA,NA,NA,NA,NA,NA,NA,NA,NA,NA,NA,NA,NA,NA,1,NA,1,NA,NA,NA,NA,"F",NA,NA,NA,NA
"YAN020001013","Mammalia","Chiroptera","Yangochiroptera","Nycteridae",NA,"Nycteris","thebaica","Nycteris_thebaica",NA,NA,NA,NA,NA,NA,NA,NA,NA,NA,NA,NA,NA,0,0,0,NA,NA,150,NA,NA,150,NA,NA,60,NA,NA,NA,1,NA,1,NA,1,NA,365,"F",1,NA,NA,NA
"YAN030001001","Mammalia","Chiroptera","Yangochiroptera","Myzopodidae",NA,"Myzopoda","schliemanni","Myzopoda_schliemanni",NA,NA,NA,NA,NA,NA,NA,NA,NA,NA,NA,NA,NA,NA,NA,NA,NA,NA,NA,NA,NA,NA,NA,NA,NA,NA,NA,NA,1,NA,1,NA,1,NA,365,"F",1,NA,NA,NA
"YAN030001002","Mammalia","Chiroptera","Yangochiroptera","Myzopodidae",NA,"Myzopoda","aurita","Myzopoda_aurita",NA,NA,NA,NA,NA,NA,NA,NA,NA,NA,NA,NA,NA,NA,NA,NA,NA,NA,NA,NA,NA,NA,NA,NA,NA,NA,NA,NA,1,NA,1,NA,1,NA,365,NA,NA,NA,NA,NA
"YAN040101001","Mammalia","Chiroptera","Yangochiroptera","Molossidae","Molossinae","Mormopterus","jugularis","Mormopterus_jugularis",NA,NA,NA,NA,NA,NA,NA,NA,NA,NA,NA,NA,NA,NA,NA,NA,NA,NA,NA,NA,NA,NA,NA,NA,NA,NA,NA,NA,1,NA,1,NA,NA,NA,NA,"F",1,NA,1000,NA
"YAN040101002","Mammalia","Chiroptera","Yangochiroptera","Molossidae","Molossinae","Mormopterus","francoismoutoui","Mormopterus_francoismoutoui",NA,NA,NA,NA,NA,NA,NA,NA,NA,NA,NA,NA,NA,NA,NA,NA,NA,NA,NA,NA,NA,NA,NA,NA,NA,NA,NA,NA,1,NA,1,NA,NA,NA,NA,NA,NA,NA,NA,NA
"YAN040101003","Mammalia","Chiroptera","Yangochiroptera","Molossidae","Molossinae","Mormopterus","acetabulosus","Mormopterus_acetabulosus",NA,NA,NA,NA,NA,NA,NA,NA,NA,NA,NA,NA,NA,NA,NA,NA,NA,NA,NA,NA,NA,NA,NA,NA,NA,NA,NA,NA,1,NA,1,NA,NA,NA,NA,NA,NA,NA,NA,NA
"YAN040102001","Mammalia","Chiroptera","Yangochiroptera","Molossidae","Molossinae","Chaerephon","aloysiisabaudiae","Chaerephon_aloysiisabaudiae",NA,NA,NA,NA,NA,NA,NA,NA,NA,NA,NA,NA,NA,NA,NA,NA,NA,NA,NA,NA,NA,NA,NA,NA,NA,NA,NA,NA,1,NA,1,NA,NA,NA,NA,NA,NA,NA,NA,NA
"YAN040102002","Mammalia","Chiroptera","Yangochiroptera","Molossidae","Molossinae","Chaerephon","ansorgei","Chaerephon_ansorgei",NA,NA,NA,NA,NA,NA,NA,NA,NA,NA,NA,NA,NA,NA,NA,NA,NA,NA,NA,NA,NA,NA,NA,NA,NA,NA,NA,NA,1,NA,1,NA,2,NA,180,NA,NA,NA,NA,NA
"YAN040102003","Mammalia","Chiroptera","Yangochiroptera","Molossidae","Molossinae","Chaerephon","bemmeleni","Chaerephon_bemmeleni",NA,NA,NA,NA,NA,NA,NA,NA,NA,NA,NA,NA,NA,NA,NA,NA,NA,NA,NA,NA,NA,NA,NA,NA,NA,NA,NA,NA,1,NA,1,NA,NA,NA,NA,NA,NA,NA,NA,NA
"YAN040102004","Mammalia","Chiroptera","Yangochiroptera","Molossidae","Molossinae","Chaerephon","bivittatus","Chaerephon_bivittatus",NA,NA,NA,NA,NA,NA,NA,NA,NA,NA,NA,NA,NA,NA,NA,NA,NA,NA,NA,NA,NA,NA,NA,NA,NA,NA,NA,NA,1,NA,1,NA,NA,NA,NA,NA,NA,NA,NA,NA
"YAN040102005","Mammalia","Chiroptera","Yangochiroptera","Molossidae","Molossinae","Chaerephon","chapini","Chaerephon_chapini",NA,NA,NA,NA,NA,NA,NA,NA,NA,NA,NA,NA,NA,NA,NA,NA,NA,NA,NA,NA,NA,NA,NA,NA,NA,NA,NA,NA,1,NA,1,NA,NA,NA,NA,NA,NA,NA,NA,NA
"YAN040102006","Mammalia","Chiroptera","Yangochiroptera","Molossidae","Molossinae","Chaerephon","gallagheri","Chaerephon_gallagheri",NA,NA,NA,NA,NA,NA,NA,NA,NA,NA,NA,NA,NA,NA,NA,NA,NA,NA,NA,NA,NA,NA,NA,NA,NA,NA,NA,NA,1,NA,1,NA,NA,NA,NA,NA,NA,NA,NA,NA
"YAN040102007","Mammalia","Chiroptera","Yangochiroptera","Molossidae","Molossinae","Chaerephon","leucogaster","Chaerephon_leucogaster",NA,NA,NA,NA,NA,NA,NA,NA,NA,NA,NA,NA,NA,NA,NA,NA,NA,NA,NA,NA,NA,NA,NA,NA,NA,NA,NA,NA,1,NA,1,NA,NA,NA,NA,NA,NA,NA,NA,NA
"YAN040102008","Mammalia","Chiroptera","Yangochiroptera","Molossidae","Molossinae","Chaerephon","major","Chaerephon_major",NA,NA,NA,NA,NA,NA,NA,NA,NA,NA,NA,NA,NA,NA,NA,NA,NA,NA,NA,NA,NA,NA,NA,NA,NA,NA,NA,NA,1,NA,1,NA,NA,NA,NA,NA,NA,NA,NA,NA
"YAN040102009","Mammalia","Chiroptera","Yangochiroptera","Molossidae","Molossinae","Chaerephon","nigeriae","Chaerephon_nigeriae",NA,NA,NA,NA,NA,NA,NA,NA,NA,NA,NA,NA,NA,NA,NA,NA,NA,NA,NA,NA,NA,NA,NA,NA,NA,NA,NA,NA,1,NA,1,NA,NA,NA,NA,"F",1,NA,25,NA
"YAN040102010","Mammalia","Chiroptera","Yangochiroptera","Molossidae","Molossinae","Chaerephon","tomensis","Chaerephon_tomensis",NA,NA,NA,NA,NA,NA,NA,NA,NA,NA,NA,NA,NA,NA,NA,NA,NA,NA,NA,NA,NA,NA,NA,NA,NA,NA,NA,NA,1,NA,1,NA,NA,NA,NA,NA,NA,NA,NA,NA
"YAN040102011","Mammalia","Chiroptera","Yangochiroptera","Molossidae","Molossinae","Chaerephon","pumilus","Chaerephon_pumilus",3,NA,NA,150,NA,NA,90,NA,NA,NA,NA,NA,NA,0,0,0,NA,NA,60,NA,NA,60,NA,NA,NA,NA,NA,NA,1,2,1,NA,3,NA,90,NA,NA,NA,NA,NA
"YAN040102012","Mammalia","Chiroptera","Yangochiroptera","Molossidae","Molossinae","Chaerephon","russatus","Chaerephon_russatus",NA,NA,NA,NA,NA,NA,NA,NA,NA,NA,NA,NA,NA,NA,NA,NA,NA,NA,NA,NA,NA,NA,NA,NA,NA,NA,NA,NA,1,NA,1,NA,NA,NA,NA,NA,NA,NA,NA,NA
"YAN040102013","Mammalia","Chiroptera","Yangochiroptera","Molossidae","Molossinae","Chaerephon","pusillus","Chaerephon_pusillus",NA,NA,NA,NA,NA,NA,NA,NA,NA,NA,NA,NA,NA,NA,NA,NA,NA,NA,NA,NA,NA,NA,NA,NA,NA,NA,NA,NA,1,NA,1,NA,NA,NA,NA,"F",1,NA,NA,NA
"YAN040102014","Mammalia","Chiroptera","Yangochiroptera","Molossidae","Molossinae","Chaerephon","atsinanana","Chaerephon_atsinanana",NA,NA,NA,NA,NA,NA,NA,NA,NA,NA,NA,NA,NA,NA,NA,NA,NA,NA,NA,NA,NA,NA,NA,NA,NA,NA,NA,NA,1,NA,1,NA,NA,NA,NA,NA,NA,NA,NA,NA
"YAN040102015","Mammalia","Chiroptera","Yangochiroptera","Molossidae","Molossinae","Chaerephon","jobimena","Chaerephon_jobimena",NA,NA,NA,NA,NA,NA,NA,NA,NA,NA,NA,NA,NA,NA,NA,NA,NA,NA,NA,NA,NA,NA,NA,NA,NA,NA,NA,NA,1,NA,1,NA,NA,NA,NA,NA,NA,NA,NA,NA
"YAN040103001","Mammalia","Chiroptera","Yangochiroptera","Molossidae","Molossinae","Mops","bakarii","Mops_bakarii",NA,NA,NA,NA,NA,NA,NA,NA,NA,NA,NA,NA,NA,NA,NA,NA,NA,NA,NA,NA,NA,NA,NA,NA,NA,NA,NA,NA,1,NA,1,NA,NA,NA,NA,NA,NA,NA,NA,NA
"YAN040103002","Mammalia","Chiroptera","Yangochiroptera","Molossidae","Molossinae","Mops","brachypterus","Mops_brachypterus",NA,NA,NA,NA,NA,NA,NA,NA,NA,NA,NA,NA,NA,NA,NA,NA,NA,NA,NA,NA,NA,NA,NA,NA,NA,NA,NA,NA,1,NA,1,NA,NA,NA,NA,NA,NA,NA,NA,NA
"YAN040103003","Mammalia","Chiroptera","Yangochiroptera","Molossidae","Molossinae","Mops","condylurus","Mops_condylurus",NA,NA,NA,NA,NA,NA,NA,NA,NA,NA,NA,NA,NA,0,0,0,NA,NA,87.5,NA,NA,87.5,NA,NA,NA,NA,NA,NA,1,NA,1,NA,2,120,174,NA,NA,NA,NA,NA
"YAN040103004","Mammalia","Chiroptera","Yangochiroptera","Molossidae","Molossinae","Mops","congicus","Mops_congicus",NA,NA,NA,NA,NA,NA,NA,NA,NA,NA,NA,NA,NA,NA,NA,NA,NA,NA,NA,NA,NA,NA,NA,NA,NA,NA,NA,NA,1,NA,1,NA,NA,NA,NA,NA,NA,NA,NA,NA
"YAN040103005","Mammalia","Chiroptera","Yangochiroptera","Molossidae","Molossinae","Mops","demonstrator","Mops_demonstrator",3,NA,NA,NA,NA,NA,NA,NA,NA,NA,NA,NA,NA,NA,NA,NA,NA,NA,NA,NA,NA,NA,NA,NA,NA,NA,NA,NA,1,NA,1,NA,NA,NA,NA,"F",1,NA,NA,NA
"YAN040103006","Mammalia","Chiroptera","Yangochiroptera","Molossidae","Molossinae","Mops","midas","Mops_midas",NA,NA,NA,NA,NA,NA,NA,NA,NA,NA,NA,NA,NA,NA,NA,NA,NA,NA,NA,NA,NA,NA,NA,NA,NA,NA,NA,NA,1,NA,1,NA,NA,NA,NA,NA,NA,NA,NA,NA
"YAN040103007","Mammalia","Chiroptera","Yangochiroptera","Molossidae","Molossinae","Mops","nanulus","Mops_nanulus",NA,NA,NA,NA,NA,NA,NA,NA,NA,NA,NA,NA,NA,NA,NA,NA,NA,NA,NA,NA,NA,NA,NA,NA,NA,NA,NA,NA,1,NA,1,NA,NA,NA,NA,NA,NA,NA,NA,NA
"YAN040103008","Mammalia","Chiroptera","Yangochiroptera","Molossidae","Molossinae","Mops","niangarae","Mops_niangarae",NA,NA,NA,NA,NA,NA,NA,NA,NA,NA,NA,NA,NA,NA,NA,NA,NA,NA,NA,NA,NA,NA,NA,NA,NA,NA,NA,NA,1,NA,1,NA,NA,NA,NA,NA,NA,NA,NA,NA
"YAN040103009","Mammalia","Chiroptera","Yangochiroptera","Molossidae","Molossinae","Mops","niveiventer","Mops_niveiventer",NA,NA,NA,NA,NA,NA,NA,NA,NA,NA,NA,NA,NA,NA,NA,NA,NA,NA,NA,NA,NA,NA,NA,NA,NA,NA,NA,NA,1,NA,1,NA,NA,NA,NA,NA,NA,NA,NA,NA
"YAN040103010","Mammalia","Chiroptera","Yangochiroptera","Molossidae","Molossinae","Mops","petersoni","Mops_petersoni",NA,NA,NA,NA,NA,NA,NA,NA,NA,NA,NA,NA,NA,NA,NA,NA,NA,NA,NA,NA,NA,NA,NA,NA,NA,NA,NA,NA,1,NA,1,NA,NA,NA,NA,NA,NA,NA,NA,NA
"YAN040103011","Mammalia","Chiroptera","Yangochiroptera","Molossidae","Molossinae","Mops","spurrelli","Mops_spurrelli",NA,NA,NA,NA,NA,NA,NA,NA,NA,NA,NA,NA,NA,NA,NA,NA,NA,NA,NA,NA,NA,NA,NA,NA,NA,NA,NA,NA,1,NA,1,NA,NA,NA,NA,NA,NA,NA,NA,NA
"YAN040103012","Mammalia","Chiroptera","Yangochiroptera","Molossidae","Molossinae","Mops","thersites","Mops_thersites",NA,NA,NA,NA,NA,NA,NA,NA,NA,NA,NA,NA,NA,0,0,0,NA,NA,75,NA,NA,75,NA,NA,105,NA,NA,NA,1,NA,1,NA,2,NA,210,NA,NA,NA,NA,NA
"YAN040103013","Mammalia","Chiroptera","Yangochiroptera","Molossidae","Molossinae","Mops","trevori","Mops_trevori",NA,NA,NA,NA,NA,NA,NA,NA,NA,NA,NA,NA,NA,NA,NA,NA,NA,NA,NA,NA,NA,NA,NA,NA,NA,NA,NA,NA,1,NA,1,NA,NA,NA,NA,NA,NA,NA,NA,NA
"YAN040103014","Mammalia","Chiroptera","Yangochiroptera","Molossidae","Molossinae","Mops","leucostigma","Mops_leucostigma",NA,NA,NA,NA,NA,NA,NA,NA,NA,NA,NA,NA,NA,NA,NA,NA,NA,NA,NA,NA,NA,NA,NA,NA,NA,NA,NA,NA,1,NA,1,NA,NA,NA,NA,NA,NA,NA,NA,NA
"YAN040104001","Mammalia","Chiroptera","Yangochiroptera","Molossidae","Molossinae","Otomops","harrisoni","Otomops_harrisoni",NA,NA,NA,NA,NA,NA,NA,NA,NA,NA,NA,NA,NA,NA,NA,NA,NA,NA,NA,NA,NA,NA,NA,NA,NA,NA,NA,NA,1,NA,1,NA,NA,NA,NA,NA,NA,NA,NA,NA
"YAN040104002","Mammalia","Chiroptera","Yangochiroptera","Molossidae","Molossinae","Otomops","martiensseni","Otomops_martiensseni",3,NA,NA,NA,NA,NA,NA,NA,NA,NA,NA,NA,NA,0,0,0,NA,NA,90,NA,NA,90,NA,NA,NA,NA,NA,NA,1,NA,1,NA,NA,NA,NA,NA,NA,NA,NA,NA
"YAN040104003","Mammalia","Chiroptera","Yangochiroptera","Molossidae","Molossinae","Otomops","madagascariensis","Otomops_madagascariensis",3,NA,NA,NA,NA,NA,NA,NA,NA,NA,NA,NA,NA,NA,NA,NA,NA,NA,NA,NA,NA,NA,NA,NA,NA,NA,NA,NA,1,NA,1,NA,NA,NA,NA,NA,NA,NA,NA,NA
"YAN040105001","Mammalia","Chiroptera","Yangochiroptera","Molossidae","Molossinae","Myopterus","daubentonii","Myopterus_daubentonii",NA,NA,NA,NA,NA,NA,NA,NA,NA,NA,NA,NA,NA,NA,NA,NA,NA,NA,NA,NA,NA,NA,NA,NA,NA,NA,NA,NA,1,NA,1,NA,NA,NA,NA,NA,NA,NA,NA,NA
"YAN040105002","Mammalia","Chiroptera","Yangochiroptera","Molossidae","Molossinae","Myopterus","whitleyi","Myopterus_whitleyi",NA,NA,NA,NA,NA,NA,NA,NA,NA,NA,NA,NA,NA,NA,NA,NA,NA,NA,NA,NA,NA,NA,NA,NA,NA,NA,NA,NA,1,NA,1,NA,NA,NA,NA,NA,NA,NA,NA,NA
"YAN040106001","Mammalia","Chiroptera","Yangochiroptera","Molossidae","Molossinae","Platymops","setiger","Platymops_setiger",NA,NA,NA,NA,NA,NA,NA,NA,NA,NA,NA,NA,NA,NA,NA,NA,NA,NA,NA,NA,NA,NA,NA,NA,NA,NA,NA,NA,1,NA,1,NA,NA,NA,NA,NA,NA,NA,NA,NA
"YAN040107001","Mammalia","Chiroptera","Yangochiroptera","Molossidae","Molossinae","Sauromys","petrophilus","Sauromys_petrophilus",NA,NA,NA,NA,NA,NA,NA,NA,NA,NA,NA,NA,NA,NA,NA,NA,NA,NA,NA,NA,NA,NA,NA,NA,NA,NA,NA,NA,1,NA,1,NA,NA,NA,NA,NA,NA,NA,NA,NA
"YAN040108001","Mammalia","Chiroptera","Yangochiroptera","Molossidae","Molossinae","Tadarida","teniotis","Tadarida_teniotis",NA,NA,NA,NA,NA,NA,NA,NA,NA,NA,NA,NA,NA,0,0,0,NA,NA,NA,NA,NA,NA,NA,NA,NA,NA,NA,NA,1,NA,1,NA,1,NA,365,"F",1,NA,160,NA
"YAN040108002","Mammalia","Chiroptera","Yangochiroptera","Molossidae","Molossinae","Tadarida","aegyptiaca","Tadarida_aegyptiaca",NA,NA,NA,NA,NA,NA,NA,NA,NA,NA,NA,NA,NA,0,0,0,NA,NA,120,NA,NA,120,NA,NA,NA,NA,NA,NA,1,NA,1,NA,1,NA,365,NA,NA,NA,NA,NA
"YAN040108003","Mammalia","Chiroptera","Yangochiroptera","Molossidae","Molossinae","Tadarida","lobata","Tadarida_lobata",NA,NA,NA,NA,NA,NA,NA,NA,NA,NA,NA,NA,NA,NA,NA,NA,NA,NA,NA,NA,NA,NA,NA,NA,NA,NA,NA,NA,1,NA,1,NA,NA,NA,NA,NA,NA,NA,NA,NA
"YAN040108004","Mammalia","Chiroptera","Yangochiroptera","Molossidae","Molossinae","Tadarida","ventralis","Tadarida_ventralis",NA,NA,NA,NA,NA,NA,NA,NA,NA,NA,NA,NA,NA,NA,NA,NA,NA,NA,NA,NA,NA,NA,NA,NA,NA,NA,NA,NA,1,NA,1,NA,NA,NA,NA,NA,NA,NA,NA,NA
"YAN040108005","Mammalia","Chiroptera","Yangochiroptera","Molossidae","Molossinae","Tadarida","fulminans","Tadarida_fulminans",NA,NA,NA,NA,NA,NA,NA,NA,NA,NA,NA,NA,NA,0,0,0,NA,NA,105,NA,NA,105,NA,NA,NA,NA,NA,NA,1,NA,1,2,NA,210,240,NA,NA,NA,NA,NA
"YAN050001001","Mammalia","Chiroptera","Yangochiroptera","Miniopteridae",NA,"Miniopterus","schreibersii","Miniopterus_schreibersii",NA,NA,NA,NA,NA,NA,365,NA,NA,NA,NA,NA,730,0,1,0,NA,NA,75,NA,NA,255,NA,NA,NA,NA,NA,NA,1,NA,1,NA,1,NA,365,"F",1,NA,60000,NA
"YAN050001002","Mammalia","Chiroptera","Yangochiroptera","Miniopteridae",NA,"Miniopterus","maghrebensis","Miniopterus_maghrebensis",NA,NA,NA,NA,NA,NA,NA,NA,NA,NA,NA,NA,NA,0,1,0,NA,NA,NA,NA,NA,NA,NA,NA,NA,NA,NA,NA,1,NA,1,NA,1,NA,365,NA,NA,NA,NA,NA
"YAN050001003","Mammalia","Chiroptera","Yangochiroptera","Miniopteridae",NA,"Miniopterus","villiersi","Miniopterus_villiersi",NA,NA,NA,NA,NA,NA,NA,NA,NA,NA,NA,NA,NA,NA,NA,NA,NA,NA,NA,NA,NA,NA,NA,NA,NA,NA,NA,NA,1,NA,1,NA,NA,NA,NA,NA,NA,NA,NA,NA
"YAN050001004","Mammalia","Chiroptera","Yangochiroptera","Miniopteridae",NA,"Miniopterus","inflatus","Miniopterus_inflatus",NA,NA,NA,NA,NA,NA,NA,NA,NA,NA,NA,NA,NA,0,0,0,NA,NA,120,NA,NA,120,NA,NA,60,NA,NA,NA,1,NA,1,NA,1,NA,365,"F",1,NA,40000,NA
"YAN050001005","Mammalia","Chiroptera","Yangochiroptera","Miniopteridae",NA,"Miniopterus","nimbae","Miniopterus_nimbae",NA,NA,NA,NA,NA,NA,NA,NA,NA,NA,NA,NA,NA,NA,NA,NA,NA,NA,NA,NA,NA,NA,NA,NA,NA,NA,NA,NA,1,NA,NA,NA,NA,NA,NA,NA,NA,NA,NA,NA
"YAN050001006","Mammalia","Chiroptera","Yangochiroptera","Miniopteridae",NA,"Miniopterus","newtoni","Miniopterus_newtoni",NA,NA,NA,NA,NA,NA,NA,NA,NA,NA,NA,NA,NA,NA,NA,NA,NA,NA,NA,NA,NA,NA,NA,NA,NA,NA,NA,NA,1,NA,1,NA,NA,NA,NA,NA,NA,NA,NA,NA
"YAN050001007","Mammalia","Chiroptera","Yangochiroptera","Miniopteridae",NA,"Miniopterus","minor","Miniopterus_minor",3,365,NA,NA,NA,NA,NA,NA,NA,NA,NA,NA,NA,0,1,0,99,159,129,120,180,150,NA,NA,90,NA,NA,NA,1,NA,1,NA,1,NA,365,"F",1,NA,NA,NA
"YAN050001008","Mammalia","Chiroptera","Yangochiroptera","Miniopteridae",NA,"Miniopterus","wilsoni","Miniopterus_wilsoni",NA,NA,NA,NA,NA,NA,NA,NA,NA,NA,NA,NA,NA,NA,NA,NA,NA,NA,NA,NA,NA,NA,NA,NA,NA,NA,NA,NA,1,NA,NA,NA,NA,NA,NA,NA,NA,NA,NA,NA
"YAN050001009","Mammalia","Chiroptera","Yangochiroptera","Miniopteridae",NA,"Miniopterus","arenarius","Miniopterus_arenarius",NA,NA,NA,NA,NA,NA,NA,NA,NA,NA,NA,NA,NA,NA,NA,NA,NA,NA,NA,NA,NA,NA,NA,NA,NA,NA,NA,NA,1,NA,1,NA,NA,NA,NA,NA,NA,NA,NA,NA
"YAN050001010","Mammalia","Chiroptera","Yangochiroptera","Miniopteridae",NA,"Miniopterus","africanus","Miniopterus_africanus",NA,NA,NA,NA,NA,NA,NA,NA,NA,NA,NA,NA,NA,NA,NA,NA,NA,NA,NA,NA,NA,NA,NA,NA,NA,NA,NA,NA,1,NA,1,NA,NA,NA,NA,NA,NA,NA,NA,NA
"YAN050001011","Mammalia","Chiroptera","Yangochiroptera","Miniopteridae",NA,"Miniopterus","natalensis","Miniopterus_natalensis",NA,NA,NA,NA,NA,NA,NA,NA,NA,NA,NA,NA,NA,0,1,0,NA,NA,108.8,NA,NA,210,NA,NA,NA,NA,NA,NA,1,2,1,NA,1,NA,365,"F",1,NA,NA,NA
"YAN050001012","Mammalia","Chiroptera","Yangochiroptera","Miniopteridae",NA,"Miniopterus","mossambicus","Miniopterus_mossambicus",NA,NA,NA,NA,NA,NA,NA,NA,NA,NA,NA,NA,NA,NA,NA,NA,NA,NA,NA,NA,NA,NA,NA,NA,NA,NA,NA,NA,1,NA,1,NA,NA,NA,NA,NA,NA,NA,NA,NA
"YAN050001013","Mammalia","Chiroptera","Yangochiroptera","Miniopteridae",NA,"Miniopterus","fraterculus","Miniopterus_fraterculus",NA,NA,NA,NA,NA,NA,NA,NA,NA,NA,NA,NA,NA,0,1,0,120,135,127.5,195,210,202.5,NA,NA,NA,NA,NA,NA,1,NA,1,NA,1,NA,365,"F",1,NA,NA,NA
"YAN050001014","Mammalia","Chiroptera","Yangochiroptera","Miniopteridae",NA,"Miniopterus","aelleni","Miniopterus_aelleni",NA,NA,NA,NA,NA,NA,NA,NA,NA,NA,NA,NA,NA,NA,NA,NA,NA,NA,NA,NA,NA,NA,NA,NA,NA,NA,NA,NA,1,NA,1,NA,NA,NA,NA,NA,NA,NA,NA,NA
"YAN050001015","Mammalia","Chiroptera","Yangochiroptera","Miniopteridae",NA,"Miniopterus","griveaudi","Miniopterus_griveaudi",NA,NA,NA,NA,NA,NA,NA,NA,NA,NA,NA,NA,NA,NA,NA,NA,NA,NA,NA,NA,NA,NA,NA,NA,NA,NA,NA,NA,1,NA,1,NA,NA,NA,NA,NA,NA,NA,NA,NA
"YAN050001016","Mammalia","Chiroptera","Yangochiroptera","Miniopteridae",NA,"Miniopterus","gleni","Miniopterus_gleni",NA,NA,NA,NA,NA,NA,NA,NA,NA,NA,NA,NA,NA,NA,NA,NA,NA,NA,NA,NA,NA,NA,NA,NA,NA,NA,NA,NA,1,NA,1,NA,NA,NA,NA,NA,NA,NA,NA,NA
"YAN050001017","Mammalia","Chiroptera","Yangochiroptera","Miniopteridae",NA,"Miniopterus","brachytragos","Miniopterus_brachytragos",NA,NA,NA,NA,NA,NA,NA,NA,NA,NA,NA,NA,NA,NA,NA,NA,NA,NA,NA,NA,NA,NA,NA,NA,NA,NA,NA,NA,1,NA,1,NA,NA,NA,NA,NA,NA,NA,NA,NA
"YAN050001018","Mammalia","Chiroptera","Yangochiroptera","Miniopteridae",NA,"Miniopterus","ambohitrensis","Miniopterus_ambohitrensis",NA,NA,NA,NA,NA,NA,NA,NA,NA,NA,NA,NA,NA,0,1,0,NA,NA,NA,NA,NA,NA,NA,NA,NA,NA,NA,NA,1,NA,1,NA,NA,NA,NA,NA,NA,NA,NA,NA
"YAN050001019","Mammalia","Chiroptera","Yangochiroptera","Miniopteridae",NA,"Miniopterus","majori","Miniopterus_majori",NA,NA,NA,NA,NA,NA,NA,NA,NA,NA,NA,NA,NA,NA,NA,NA,NA,NA,NA,NA,NA,NA,NA,NA,NA,NA,NA,NA,1,NA,1,NA,NA,NA,NA,NA,NA,NA,NA,NA
"YAN050001020","Mammalia","Chiroptera","Yangochiroptera","Miniopteridae",NA,"Miniopterus","egeri","Miniopterus_egeri",NA,NA,NA,NA,NA,NA,NA,NA,NA,NA,NA,NA,NA,NA,NA,NA,NA,NA,NA,NA,NA,NA,NA,NA,NA,NA,NA,NA,1,NA,1,NA,NA,NA,NA,NA,NA,NA,NA,NA
"YAN050001021","Mammalia","Chiroptera","Yangochiroptera","Miniopteridae",NA,"Miniopterus","manavi","Miniopterus_manavi",NA,NA,NA,NA,NA,NA,NA,NA,NA,NA,NA,NA,NA,NA,NA,NA,NA,NA,NA,NA,NA,NA,NA,NA,NA,NA,NA,NA,1,NA,1,NA,NA,NA,NA,NA,NA,NA,NA,NA
"YAN050001022","Mammalia","Chiroptera","Yangochiroptera","Miniopteridae",NA,"Miniopterus","sororculus","Miniopterus_sororculus",NA,NA,NA,NA,NA,NA,NA,NA,NA,NA,NA,NA,NA,NA,NA,NA,NA,NA,NA,NA,NA,NA,NA,NA,NA,NA,NA,NA,1,NA,1,NA,NA,NA,NA,NA,NA,NA,NA,NA
"YAN050001023","Mammalia","Chiroptera","Yangochiroptera","Miniopteridae",NA,"Miniopterus","petersoni","Miniopterus_petersoni",NA,NA,NA,NA,NA,NA,NA,NA,NA,NA,NA,NA,NA,NA,NA,NA,NA,NA,NA,NA,NA,NA,NA,NA,NA,NA,NA,NA,1,NA,1,NA,NA,NA,NA,NA,NA,NA,NA,NA
"YAN050001024","Mammalia","Chiroptera","Yangochiroptera","Miniopteridae",NA,"Miniopterus","mahafaliensis","Miniopterus_mahafaliensis",NA,NA,NA,NA,NA,NA,NA,NA,NA,NA,NA,NA,NA,NA,NA,NA,NA,NA,NA,NA,NA,NA,NA,NA,NA,NA,NA,NA,1,NA,1,NA,NA,NA,NA,NA,NA,NA,NA,NA
"YAN050001025","Mammalia","Chiroptera","Yangochiroptera","Miniopteridae",NA,"Miniopterus","griffithsi","Miniopterus_griffithsi",NA,NA,NA,NA,NA,NA,NA,NA,NA,NA,NA,NA,NA,NA,NA,NA,NA,NA,NA,NA,NA,NA,NA,NA,NA,NA,NA,NA,1,NA,1,NA,NA,NA,NA,NA,NA,NA,NA,NA
"YAN060001001","Mammalia","Chiroptera","Yangochiroptera","Cistugidae",NA,"Cistugo","seabrae","Cistugo_seabrae",NA,NA,NA,NA,NA,NA,NA,NA,NA,NA,NA,NA,NA,NA,NA,NA,NA,NA,NA,NA,NA,NA,NA,NA,NA,NA,NA,NA,1,NA,1,NA,NA,NA,NA,NA,NA,NA,NA,NA
"YAN060001002","Mammalia","Chiroptera","Yangochiroptera","Cistugidae",NA,"Cistugo","lesueuri","Cistugo_lesueuri",NA,NA,NA,NA,NA,NA,NA,NA,NA,NA,NA,NA,NA,NA,NA,NA,NA,NA,NA,NA,NA,NA,NA,NA,NA,NA,NA,NA,1,2,1,NA,NA,NA,NA,NA,NA,NA,NA,NA
"YAN070101001","Mammalia","Chiroptera","Yangochiroptera","Vespertilionidae","Vespertilioninae","Scotoecus","hirundo","Scotoecus_hirundo",NA,NA,NA,NA,NA,NA,NA,NA,NA,NA,NA,NA,NA,1,NA,NA,NA,NA,90,NA,NA,210,21,90,41,NA,NA,NA,1,2,2,NA,1,NA,365,NA,NA,NA,NA,NA
"YAN070101002","Mammalia","Chiroptera","Yangochiroptera","Vespertilionidae","Vespertilioninae","Scotoecus","albofuscus","Scotoecus_albofuscus",NA,NA,NA,NA,NA,NA,NA,NA,NA,NA,NA,NA,NA,NA,NA,NA,40,122,69,NA,NA,NA,21,90,41,NA,NA,NA,1,2,2,NA,NA,NA,NA,NA,NA,NA,NA,NA
"YAN070102001","Mammalia","Chiroptera","Yangochiroptera","Vespertilionidae","Vespertilioninae","Vansonia","rueppellii","Vansonia_rueppellii",NA,NA,NA,NA,NA,NA,NA,NA,NA,NA,NA,NA,NA,NA,NA,NA,40,122,69,NA,NA,NA,21,90,41,NA,NA,NA,1,NA,NA,NA,NA,NA,NA,NA,NA,NA,NA,NA
"YAN070103001","Mammalia","Chiroptera","Yangochiroptera","Vespertilionidae","Vespertilioninae","Nyctalus","lasiopterus","Nyctalus_lasiopterus",NA,NA,NA,NA,NA,NA,NA,NA,NA,NA,NA,NA,NA,1,0,0,NA,NA,NA,240,330,285,NA,NA,90,NA,NA,NA,1,2,2,NA,1,NA,365,"F",1,NA,80,NA
"YAN070103002","Mammalia","Chiroptera","Yangochiroptera","Vespertilionidae","Vespertilioninae","Nyctalus","leisleri","Nyctalus_leisleri",3,NA,NA,NA,NA,NA,NA,NA,NA,NA,NA,NA,NA,1,0,0,NA,NA,NA,330,360,345,NA,NA,45,NA,NA,NA,1,2,2,NA,1,NA,365,"F",1,10,1000,505
"YAN070104001","Mammalia","Chiroptera","Yangochiroptera","Vespertilionidae","Vespertilioninae","Pipistrellus","pipistrellus","Pipistrellus_pipistrellus",NA,NA,NA,730,NA,NA,365,NA,NA,NA,NA,NA,NA,1,0,0,NA,NA,60,240,300,270,21,90,41,NA,NA,NA,1,2,NA,NA,1,NA,365,"F",1,25,500,262.5
"YAN070104002","Mammalia","Chiroptera","Yangochiroptera","Vespertilionidae","Vespertilioninae","Pipistrellus","hanaki","Pipistrellus_hanaki",NA,NA,NA,NA,NA,NA,NA,NA,NA,NA,NA,NA,NA,NA,NA,NA,40,122,69,NA,NA,NA,21,90,41,NA,NA,NA,1,NA,2,NA,NA,NA,NA,NA,NA,NA,NA,NA
"YAN070104003","Mammalia","Chiroptera","Yangochiroptera","Vespertilionidae","Vespertilioninae","Pipistrellus","kuhlii","Pipistrellus_kuhlii",NA,NA,NA,NA,120,135,127.5,NA,NA,NA,NA,NA,NA,NA,NA,NA,NA,NA,NA,240,360,300,21,90,41,NA,NA,NA,1,NA,2,NA,1,NA,365,"F",1,99,200,149.5
"YAN070104004","Mammalia","Chiroptera","Yangochiroptera","Vespertilionidae","Vespertilioninae","Pipistrellus","hesperidus","Pipistrellus_hesperidus",NA,NA,NA,NA,NA,NA,NA,NA,NA,NA,NA,NA,NA,NA,NA,NA,40,122,69,NA,NA,NA,21,90,41,NA,NA,NA,1,2,2,NA,1,NA,365,"F",1,NA,NA,NA
"YAN070104005","Mammalia","Chiroptera","Yangochiroptera","Vespertilionidae","Vespertilioninae","Pipistrellus","simandouensis","Pipistrellus_simandouensis",NA,NA,NA,NA,NA,NA,NA,NA,NA,NA,NA,NA,NA,NA,NA,NA,NA,NA,NA,NA,NA,NA,NA,NA,NA,NA,NA,NA,1,NA,NA,NA,NA,NA,NA,NA,NA,NA,NA,NA
"YAN070104006","Mammalia","Chiroptera","Yangochiroptera","Vespertilionidae","Vespertilioninae","Pipistrellus","rusticus","Pipistrellus_rusticus",NA,NA,NA,NA,NA,NA,NA,NA,NA,NA,NA,NA,NA,1,0,0,NA,NA,NA,NA,NA,225,21,90,41,NA,NA,NA,1,2,2,NA,1,NA,365,NA,NA,NA,NA,NA
"YAN070104007","Mammalia","Chiroptera","Yangochiroptera","Vespertilionidae","Vespertilioninae","Pipistrellus","nanulus","Pipistrellus_nanulus",NA,NA,NA,NA,NA,NA,NA,NA,NA,NA,NA,NA,NA,NA,NA,NA,40,122,69,NA,NA,NA,21,90,41,NA,NA,NA,1,2,NA,NA,NA,NA,NA,NA,NA,NA,NA,NA
"YAN070104008","Mammalia","Chiroptera","Yangochiroptera","Vespertilionidae","Vespertilioninae","Pipistrellus","inexspectatus","Pipistrellus_inexspectatus",NA,NA,NA,NA,NA,NA,NA,NA,NA,NA,NA,NA,NA,NA,NA,NA,40,122,69,NA,NA,NA,21,90,41,NA,NA,NA,1,NA,NA,NA,NA,NA,NA,NA,NA,NA,NA,NA
"YAN070104009","Mammalia","Chiroptera","Yangochiroptera","Vespertilionidae","Vespertilioninae","Pipistrellus","aero","Pipistrellus_aero",NA,NA,NA,NA,NA,NA,NA,NA,NA,NA,NA,NA,NA,NA,NA,NA,40,122,69,NA,NA,NA,21,90,41,NA,NA,NA,1,NA,NA,NA,NA,NA,NA,NA,NA,NA,NA,NA
"YAN070104010","Mammalia","Chiroptera","Yangochiroptera","Vespertilionidae","Vespertilioninae","Pipistrellus","permixtus","Pipistrellus_permixtus",NA,NA,NA,NA,NA,NA,NA,NA,NA,NA,NA,NA,NA,NA,NA,NA,40,122,69,NA,NA,NA,21,90,41,NA,NA,NA,1,NA,NA,NA,NA,NA,NA,NA,NA,NA,NA,NA
"YAN070104011","Mammalia","Chiroptera","Yangochiroptera","Vespertilionidae","Vespertilioninae","Pipistrellus","raceyi","Pipistrellus_raceyi",NA,NA,NA,NA,NA,NA,NA,NA,NA,NA,NA,NA,NA,NA,NA,NA,40,122,69,NA,NA,NA,21,90,41,NA,NA,NA,1,NA,NA,NA,1,NA,365,NA,NA,NA,NA,NA
"YAN070105001","Mammalia","Chiroptera","Yangochiroptera","Vespertilionidae","Vespertilioninae","Hypsugo","ariel","Hypsugo_ariel",NA,NA,NA,NA,NA,NA,NA,NA,NA,NA,NA,NA,NA,NA,NA,NA,40,122,69,NA,NA,NA,21,90,41,NA,NA,NA,1,NA,2,NA,NA,NA,NA,NA,NA,NA,NA,NA
"YAN070105002","Mammalia","Chiroptera","Yangochiroptera","Vespertilionidae","Vespertilioninae","Hypsugo","savii","Hypsugo_savii",NA,NA,NA,NA,NA,NA,NA,NA,NA,NA,NA,NA,NA,NA,NA,NA,NA,NA,NA,270,360,315,21,90,41,NA,NA,NA,1,2,2,NA,1,NA,365,"F",1,20,NA,99
"YAN070105003","Mammalia","Chiroptera","Yangochiroptera","Vespertilionidae","Vespertilioninae","Hypsugo","musciculus","Hypsugo_musciculus",NA,NA,NA,NA,NA,NA,NA,NA,NA,NA,NA,NA,NA,NA,NA,NA,40,122,69,NA,NA,NA,21,90,41,NA,NA,NA,1,NA,2,NA,NA,NA,NA,NA,NA,NA,NA,NA
"YAN070106001","Mammalia","Chiroptera","Yangochiroptera","Vespertilionidae","Vespertilioninae","Nycticeinops","crassulus","Nycticeinops_crassulus",NA,NA,NA,NA,NA,NA,NA,NA,NA,NA,NA,NA,NA,NA,NA,NA,40,122,69,NA,NA,NA,21,90,41,NA,NA,NA,1,NA,1,NA,NA,NA,NA,NA,NA,NA,NA,NA
"YAN070106002","Mammalia","Chiroptera","Yangochiroptera","Vespertilionidae","Vespertilioninae","Nycticeinops","eisentrauti","Nycticeinops_eisentrauti",NA,NA,NA,NA,NA,NA,NA,NA,NA,NA,NA,NA,NA,NA,NA,NA,40,122,69,NA,NA,NA,21,90,41,NA,NA,NA,1,NA,NA,NA,NA,NA,NA,NA,NA,NA,NA,NA
"YAN070106003","Mammalia","Chiroptera","Yangochiroptera","Vespertilionidae","Vespertilioninae","Nycticeinops","schlieffenii","Nycticeinops_schlieffenii",NA,NA,NA,NA,NA,NA,NA,NA,NA,NA,NA,NA,NA,1,0,0,NA,NA,77,180,210,195,21,90,41,NA,NA,NA,1,3,NA,NA,1,NA,365,"F",1,NA,NA,40
"YAN070106004","Mammalia","Chiroptera","Yangochiroptera","Vespertilionidae","Vespertilioninae","Nycticeinops","grandidieri","Nycticeinops_grandidieri",NA,NA,NA,NA,NA,NA,NA,NA,NA,NA,NA,NA,NA,NA,NA,NA,40,122,69,NA,NA,NA,21,90,41,NA,NA,NA,1,NA,NA,NA,NA,NA,NA,NA,NA,NA,NA,NA
"YAN070107001","Mammalia","Chiroptera","Yangochiroptera","Vespertilionidae","Vespertilioninae","Mimetillus","moloneyi","Mimetillus_moloneyi",NA,NA,NA,NA,NA,NA,NA,NA,NA,NA,NA,NA,NA,NA,NA,NA,40,122,69,NA,NA,NA,21,90,41,NA,NA,NA,1,NA,1,NA,2,NA,NA,NA,NA,NA,NA,NA
"YAN070108001","Mammalia","Chiroptera","Yangochiroptera","Vespertilionidae","Vespertilioninae","Neoromicia","anchietae","Neoromicia_anchietae",NA,NA,NA,NA,NA,NA,NA,NA,NA,NA,NA,NA,NA,NA,NA,NA,40,122,69,NA,NA,NA,21,90,41,NA,NA,NA,1,NA,2,NA,NA,NA,NA,NA,NA,NA,NA,NA
"YAN070108002","Mammalia","Chiroptera","Yangochiroptera","Vespertilionidae","Vespertilioninae","Neoromicia","bemainty","Neoromicia_bemainty",NA,NA,NA,NA,NA,NA,NA,NA,NA,NA,NA,NA,NA,NA,NA,NA,40,122,69,NA,NA,NA,21,90,41,NA,NA,NA,1,NA,NA,NA,NA,NA,NA,NA,NA,NA,NA,NA
"YAN070108003","Mammalia","Chiroptera","Yangochiroptera","Vespertilionidae","Vespertilioninae","Neoromicia","zuluensis","Neoromicia_zuluensis",NA,NA,NA,NA,NA,NA,NA,NA,NA,NA,NA,NA,NA,NA,NA,NA,40,122,69,NA,NA,NA,21,90,41,NA,NA,NA,1,NA,NA,NA,1,NA,365,NA,NA,NA,NA,NA
"YAN070108004","Mammalia","Chiroptera","Yangochiroptera","Vespertilionidae","Vespertilioninae","Neoromicia","guineensis","Neoromicia_guineensis",NA,NA,NA,NA,NA,NA,NA,NA,NA,NA,NA,NA,NA,NA,NA,NA,40,122,69,NA,NA,NA,21,90,41,NA,NA,NA,1,NA,NA,NA,NA,NA,NA,NA,NA,NA,NA,NA
"YAN070108005","Mammalia","Chiroptera","Yangochiroptera","Vespertilionidae","Vespertilioninae","Neoromicia","somalica","Neoromicia_somalica",NA,NA,NA,NA,NA,NA,NA,NA,NA,NA,NA,NA,NA,NA,NA,NA,40,122,69,NA,NA,NA,21,90,41,NA,NA,NA,1,2,2,NA,1,NA,365,NA,NA,NA,NA,NA
"YAN070109001","Mammalia","Chiroptera","Yangochiroptera","Vespertilionidae","Vespertilioninae","Afronycteris","nanus","Afronycteris_nanus",NA,NA,NA,NA,NA,NA,NA,NA,NA,NA,NA,NA,NA,1,0,0,90,120,105,180,210,195,45,75,60,NA,NA,59.5,1,NA,2,NA,1,NA,365,NA,NA,NA,NA,NA
"YAN070109002","Mammalia","Chiroptera","Yangochiroptera","Vespertilionidae","Vespertilioninae","Afronycteris","helios","Afronycteris_helios",3,NA,NA,NA,NA,NA,NA,NA,NA,NA,NA,NA,NA,1,0,0,NA,NA,90,120,210,165,NA,NA,60,NA,NA,NA,1,2,2,NA,1,NA,365,"F",1,NA,NA,NA
"YAN070110001","Mammalia","Chiroptera","Yangochiroptera","Vespertilionidae","Vespertilioninae","Pseudoromicia","rendalli","Pseudoromicia_rendalli",NA,NA,NA,NA,NA,NA,NA,NA,NA,NA,NA,NA,NA,NA,NA,NA,40,122,69,NA,NA,NA,21,90,41,NA,NA,NA,1,2,2,NA,NA,NA,NA,NA,NA,NA,NA,NA
"YAN070110002","Mammalia","Chiroptera","Yangochiroptera","Vespertilionidae","Vespertilioninae","Pseudoromicia","brunnea","Pseudoromicia_brunnea",NA,NA,NA,NA,NA,NA,NA,NA,NA,NA,NA,NA,NA,NA,NA,NA,40,122,69,NA,NA,NA,21,90,41,NA,NA,NA,1,NA,1,NA,NA,NA,NA,NA,NA,NA,NA,NA
"YAN070110003","Mammalia","Chiroptera","Yangochiroptera","Vespertilionidae","Vespertilioninae","Pseudoromicia","roseveari","Pseudoromicia_roseveari",NA,NA,NA,NA,NA,NA,NA,NA,NA,NA,NA,NA,NA,NA,NA,NA,40,122,69,NA,NA,NA,21,90,41,NA,NA,NA,1,NA,NA,NA,NA,NA,NA,NA,NA,NA,NA,NA
"YAN070110004","Mammalia","Chiroptera","Yangochiroptera","Vespertilionidae","Vespertilioninae","Pseudoromicia","kityoi","Pseudoromicia_kityoi",NA,NA,NA,NA,NA,NA,NA,NA,NA,NA,NA,NA,NA,NA,NA,NA,NA,NA,NA,NA,NA,NA,NA,NA,NA,NA,NA,NA,1,NA,NA,NA,NA,NA,NA,NA,NA,NA,NA,NA
"YAN070110005","Mammalia","Chiroptera","Yangochiroptera","Vespertilionidae","Vespertilioninae","Pseudoromicia","nyanza","Pseudoromicia_nyanza",NA,NA,NA,NA,NA,NA,NA,NA,NA,NA,NA,NA,NA,NA,NA,NA,NA,NA,NA,NA,NA,NA,NA,NA,NA,NA,NA,NA,1,NA,NA,NA,NA,NA,NA,NA,NA,NA,NA,NA
"YAN070110006","Mammalia","Chiroptera","Yangochiroptera","Vespertilionidae","Vespertilioninae","Pseudoromicia","isabella","Pseudoromicia_isabella",NA,NA,NA,NA,NA,NA,NA,NA,NA,NA,NA,NA,NA,NA,NA,NA,40,122,69,NA,NA,NA,21,90,41,NA,NA,NA,1,NA,NA,NA,NA,NA,NA,NA,NA,NA,NA,NA
"YAN070110007","Mammalia","Chiroptera","Yangochiroptera","Vespertilionidae","Vespertilioninae","Pseudoromicia","tenuipinnis","Pseudoromicia_tenuipinnis",NA,NA,NA,NA,NA,NA,NA,NA,NA,NA,NA,NA,NA,NA,NA,NA,40,122,69,NA,NA,NA,21,90,41,NA,NA,NA,1,NA,1,NA,NA,NA,NA,NA,NA,NA,NA,NA
"YAN070111001","Mammalia","Chiroptera","Yangochiroptera","Vespertilionidae","Vespertilioninae","Laephotis","capensis","Laephotis_capensis",NA,NA,NA,NA,NA,NA,NA,NA,NA,NA,NA,NA,NA,1,0,0,NA,NA,84,NA,NA,210,21,90,41,NA,NA,NA,1,4,2,NA,NA,NA,NA,NA,NA,NA,NA,NA
"YAN070111002","Mammalia","Chiroptera","Yangochiroptera","Vespertilionidae","Vespertilioninae","Laephotis","kirinyaga","Laephotis_kirinyaga",NA,NA,NA,NA,NA,NA,NA,NA,NA,NA,NA,NA,NA,NA,NA,NA,NA,NA,NA,NA,NA,NA,NA,NA,NA,NA,NA,NA,1,NA,NA,NA,NA,NA,NA,NA,NA,NA,NA,NA
"YAN070111003","Mammalia","Chiroptera","Yangochiroptera","Vespertilionidae","Vespertilioninae","Laephotis","matroka","Laephotis_matroka",NA,NA,NA,NA,NA,NA,NA,NA,NA,NA,NA,NA,NA,NA,NA,NA,40,122,69,NA,NA,NA,21,90,41,NA,NA,NA,1,NA,NA,NA,NA,NA,NA,NA,NA,NA,NA,NA
"YAN070111004","Mammalia","Chiroptera","Yangochiroptera","Vespertilionidae","Vespertilioninae","Laephotis","malagasyensis","Laephotis_malagasyensis",NA,NA,NA,NA,NA,NA,NA,NA,NA,NA,NA,NA,NA,NA,NA,NA,40,122,69,NA,NA,NA,21,90,41,NA,NA,NA,1,NA,NA,NA,NA,NA,NA,NA,NA,NA,NA,NA
"YAN070111005","Mammalia","Chiroptera","Yangochiroptera","Vespertilionidae","Vespertilioninae","Laephotis","robertsi","Laephotis_robertsi",NA,NA,NA,NA,NA,NA,NA,NA,NA,NA,NA,NA,NA,NA,NA,NA,40,122,69,NA,NA,NA,21,90,41,NA,NA,NA,1,NA,NA,NA,NA,NA,NA,NA,NA,NA,NA,NA
"YAN070111006","Mammalia","Chiroptera","Yangochiroptera","Vespertilionidae","Vespertilioninae","Laephotis","stanleyi","Laephotis_stanleyi",NA,NA,NA,NA,NA,NA,NA,NA,NA,NA,NA,NA,NA,NA,NA,NA,40,122,69,NA,NA,NA,21,90,41,NA,NA,NA,1,NA,NA,NA,NA,NA,NA,NA,NA,NA,NA,NA
"YAN070111007","Mammalia","Chiroptera","Yangochiroptera","Vespertilionidae","Vespertilioninae","Laephotis","wintoni","Laephotis_wintoni",NA,NA,NA,NA,NA,NA,NA,NA,NA,NA,NA,NA,NA,NA,NA,NA,40,122,69,NA,NA,NA,21,90,41,NA,NA,NA,1,NA,NA,NA,NA,NA,NA,NA,NA,NA,NA,NA
"YAN070111008","Mammalia","Chiroptera","Yangochiroptera","Vespertilionidae","Vespertilioninae","Laephotis","angolensis","Laephotis_angolensis",NA,NA,NA,NA,NA,NA,NA,NA,NA,NA,NA,NA,NA,NA,NA,NA,40,122,69,NA,NA,NA,21,90,41,NA,NA,NA,1,NA,NA,NA,NA,NA,NA,NA,NA,NA,NA,NA
"YAN070111009","Mammalia","Chiroptera","Yangochiroptera","Vespertilionidae","Vespertilioninae","Laephotis","botswanae","Laephotis_botswanae",NA,NA,NA,NA,NA,NA,NA,NA,NA,NA,NA,NA,NA,NA,NA,NA,40,122,69,NA,NA,NA,21,90,41,NA,NA,NA,1,NA,NA,NA,NA,NA,NA,NA,NA,NA,NA,NA
"YAN070111010","Mammalia","Chiroptera","Yangochiroptera","Vespertilionidae","Vespertilioninae","Laephotis","namibensis","Laephotis_namibensis",NA,NA,NA,NA,NA,NA,NA,NA,NA,NA,NA,NA,NA,NA,NA,NA,40,122,69,NA,NA,NA,21,90,41,NA,NA,NA,1,NA,NA,NA,NA,NA,NA,NA,NA,NA,NA,NA
"YAN070112001","Mammalia","Chiroptera","Yangochiroptera","Vespertilionidae","Vespertilioninae","Glauconycteris","variegata","Glauconycteris_variegata",NA,NA,NA,NA,NA,NA,NA,NA,NA,NA,NA,NA,NA,0,0,0,NA,NA,90,NA,NA,90,21,90,41,NA,NA,30,1,2,1,NA,1,NA,365,NA,NA,NA,NA,NA
"YAN070112002","Mammalia","Chiroptera","Yangochiroptera","Vespertilionidae","Vespertilioninae","Glauconycteris","machadoi","Glauconycteris_machadoi",NA,NA,NA,NA,NA,NA,NA,NA,NA,NA,NA,NA,NA,NA,NA,NA,40,122,69,NA,NA,NA,21,90,41,NA,NA,NA,1,NA,NA,NA,NA,NA,NA,NA,NA,NA,NA,NA
"YAN070112003","Mammalia","Chiroptera","Yangochiroptera","Vespertilionidae","Vespertilioninae","Glauconycteris","gleni","Glauconycteris_gleni",NA,NA,NA,NA,NA,NA,NA,NA,NA,NA,NA,NA,NA,NA,NA,NA,40,122,69,NA,NA,NA,21,90,41,NA,NA,NA,1,NA,NA,NA,NA,NA,NA,NA,NA,NA,NA,NA
"YAN070112004","Mammalia","Chiroptera","Yangochiroptera","Vespertilionidae","Vespertilioninae","Glauconycteris","superba","Glauconycteris_superba",NA,NA,NA,NA,NA,NA,NA,NA,NA,NA,NA,NA,NA,NA,NA,NA,40,122,69,NA,NA,NA,21,90,41,NA,NA,NA,1,NA,NA,NA,NA,NA,NA,NA,NA,NA,NA,NA
"YAN070112005","Mammalia","Chiroptera","Yangochiroptera","Vespertilionidae","Vespertilioninae","Glauconycteris","argentata","Glauconycteris_argentata",NA,NA,NA,NA,NA,NA,NA,NA,NA,NA,NA,NA,NA,NA,NA,NA,40,122,69,NA,NA,NA,21,90,41,NA,NA,NA,1,NA,NA,NA,NA,NA,NA,"F",1,NA,NA,10
"YAN070112006","Mammalia","Chiroptera","Yangochiroptera","Vespertilionidae","Vespertilioninae","Glauconycteris","egeria","Glauconycteris_egeria",NA,NA,NA,NA,NA,NA,NA,NA,NA,NA,NA,NA,NA,NA,NA,NA,40,122,69,NA,NA,NA,21,90,41,NA,NA,NA,1,NA,NA,NA,NA,NA,NA,NA,NA,NA,NA,NA
"YAN070112007","Mammalia","Chiroptera","Yangochiroptera","Vespertilionidae","Vespertilioninae","Glauconycteris","poensis","Glauconycteris_poensis",NA,NA,NA,NA,NA,NA,NA,NA,NA,NA,NA,NA,NA,NA,NA,NA,40,122,69,NA,NA,NA,21,90,41,NA,NA,NA,1,NA,NA,NA,NA,NA,NA,NA,NA,NA,NA,NA
"YAN070112008","Mammalia","Chiroptera","Yangochiroptera","Vespertilionidae","Vespertilioninae","Glauconycteris","alboguttata","Glauconycteris_alboguttata",NA,NA,NA,NA,NA,NA,NA,NA,NA,NA,NA,NA,NA,NA,NA,NA,40,122,69,NA,NA,NA,21,90,41,NA,NA,NA,1,NA,NA,NA,NA,NA,NA,NA,NA,NA,NA,NA
"YAN070112009","Mammalia","Chiroptera","Yangochiroptera","Vespertilionidae","Vespertilioninae","Glauconycteris","beatrix","Glauconycteris_beatrix",NA,NA,NA,NA,NA,NA,NA,NA,NA,NA,NA,NA,NA,NA,NA,NA,40,122,69,NA,NA,NA,21,90,41,NA,NA,NA,1,NA,NA,NA,NA,NA,NA,NA,NA,NA,NA,NA
"YAN070112010","Mammalia","Chiroptera","Yangochiroptera","Vespertilionidae","Vespertilioninae","Glauconycteris","curryae","Glauconycteris_curryae",NA,NA,NA,NA,NA,NA,NA,NA,NA,NA,NA,NA,NA,NA,NA,NA,40,122,69,NA,NA,NA,21,90,41,NA,NA,NA,1,NA,NA,NA,NA,NA,NA,NA,NA,NA,NA,NA
"YAN070112011","Mammalia","Chiroptera","Yangochiroptera","Vespertilionidae","Vespertilioninae","Glauconycteris","humeralis","Glauconycteris_humeralis",NA,NA,NA,NA,NA,NA,NA,NA,NA,NA,NA,NA,NA,NA,NA,NA,40,122,69,NA,NA,NA,21,90,41,NA,NA,NA,1,NA,NA,NA,NA,NA,NA,NA,NA,NA,NA,NA
"YAN070112012","Mammalia","Chiroptera","Yangochiroptera","Vespertilionidae","Vespertilioninae","Glauconycteris","atra","Glauconycteris_atra",NA,NA,NA,NA,NA,NA,NA,NA,NA,NA,NA,NA,NA,NA,NA,NA,40,122,69,NA,NA,NA,21,90,41,NA,NA,NA,1,NA,NA,NA,NA,NA,NA,NA,NA,NA,NA,NA
"YAN070112013","Mammalia","Chiroptera","Yangochiroptera","Vespertilionidae","Vespertilioninae","Glauconycteris","kenyacola","Glauconycteris_kenyacola",NA,NA,NA,NA,NA,NA,NA,NA,NA,NA,NA,NA,NA,NA,NA,NA,40,122,69,NA,NA,NA,21,90,41,NA,NA,NA,1,NA,NA,NA,NA,NA,NA,NA,NA,NA,NA,NA
"YAN070113001","Mammalia","Chiroptera","Yangochiroptera","Vespertilionidae","Vespertilioninae","Eptesicus","floweri","Eptesicus_floweri",NA,NA,NA,NA,NA,NA,NA,NA,NA,NA,NA,NA,NA,NA,NA,NA,40,122,69,NA,NA,NA,21,90,41,NA,NA,NA,1,NA,NA,NA,NA,NA,NA,NA,NA,NA,NA,NA
"YAN070113002","Mammalia","Chiroptera","Yangochiroptera","Vespertilionidae","Vespertilioninae","Eptesicus","platyops","Eptesicus_platyops",NA,NA,NA,NA,NA,NA,NA,NA,NA,NA,NA,NA,NA,NA,NA,NA,40,122,69,NA,NA,NA,21,90,41,NA,NA,NA,1,NA,NA,NA,NA,NA,NA,NA,NA,NA,NA,NA
"YAN070113003","Mammalia","Chiroptera","Yangochiroptera","Vespertilionidae","Vespertilioninae","Eptesicus","hottentotus","Eptesicus_hottentotus",NA,NA,NA,NA,NA,NA,NA,NA,NA,NA,NA,NA,NA,NA,NA,NA,40,122,69,NA,NA,NA,21,90,41,NA,NA,NA,1,NA,NA,NA,NA,NA,NA,NA,NA,NA,NA,NA
"YAN070113004","Mammalia","Chiroptera","Yangochiroptera","Vespertilionidae","Vespertilioninae","Eptesicus","bottae","Eptesicus_bottae",NA,NA,NA,NA,NA,NA,NA,NA,NA,NA,NA,NA,NA,NA,NA,NA,40,122,69,NA,NA,NA,21,90,41,NA,NA,NA,1,NA,2,NA,NA,NA,NA,"F",1,NA,200,NA
"YAN070113005","Mammalia","Chiroptera","Yangochiroptera","Vespertilionidae","Vespertilioninae","Eptesicus","isabellinus","Eptesicus_isabellinus",NA,NA,NA,NA,NA,NA,NA,NA,NA,NA,NA,NA,NA,NA,NA,NA,NA,NA,NA,240,300,270,NA,NA,75,NA,NA,NA,1,NA,2,NA,1,NA,365,"F",1,99,999,549
"YAN070114001","Mammalia","Chiroptera","Yangochiroptera","Vespertilionidae","Vespertilioninae","Barbastella","barbastellus","Barbastella_barbastellus",NA,NA,NA,NA,365,NA,NA,NA,NA,NA,NA,NA,NA,NA,NA,NA,NA,NA,NA,210,360,285,21,90,41,NA,NA,NA,1,2,NA,NA,1,NA,365,"F",1,5,100,NA
"YAN070114002","Mammalia","Chiroptera","Yangochiroptera","Vespertilionidae","Vespertilioninae","Barbastella","leucomelas","Barbastella_leucomelas",NA,NA,NA,NA,NA,NA,NA,NA,NA,NA,NA,NA,NA,NA,NA,NA,40,122,69,NA,NA,NA,21,90,41,NA,NA,NA,1,2,NA,NA,NA,NA,NA,"F",1,NA,10,NA
"YAN070115001","Mammalia","Chiroptera","Yangochiroptera","Vespertilionidae","Vespertilioninae","Plecotus","teneriffae","Plecotus_teneriffae",NA,NA,NA,NA,NA,NA,NA,NA,NA,NA,NA,NA,NA,NA,NA,NA,NA,NA,NA,NA,NA,270,21,90,41,NA,NA,NA,1,NA,NA,NA,1,NA,365,"F",1,NA,60,NA
"YAN070115002","Mammalia","Chiroptera","Yangochiroptera","Vespertilionidae","Vespertilioninae","Plecotus","gaisleri","Plecotus_gaisleri",NA,NA,NA,NA,NA,NA,NA,NA,NA,NA,NA,NA,NA,NA,NA,NA,40,122,69,NA,NA,NA,21,90,41,NA,NA,NA,1,NA,NA,NA,NA,NA,NA,"F",1,30,50,NA
"YAN070115003","Mammalia","Chiroptera","Yangochiroptera","Vespertilionidae","Vespertilioninae","Plecotus","christii","Plecotus_christii",NA,NA,NA,NA,NA,NA,NA,NA,NA,NA,NA,NA,NA,NA,NA,NA,40,122,69,NA,NA,NA,21,90,41,NA,NA,NA,1,NA,NA,NA,NA,NA,NA,"F",1,NA,40,NA
"YAN070115004","Mammalia","Chiroptera","Yangochiroptera","Vespertilionidae","Vespertilioninae","Plecotus","balensis","Plecotus_balensis",NA,NA,NA,NA,NA,NA,NA,NA,NA,NA,NA,NA,NA,NA,NA,NA,40,122,69,NA,NA,NA,21,90,41,NA,NA,NA,1,NA,NA,NA,NA,NA,NA,NA,NA,NA,NA,NA
"YAN070116001","Mammalia","Chiroptera","Yangochiroptera","Vespertilionidae","Vespertilioninae","Otonycteris","hemprichii","Otonycteris_hemprichii",NA,NA,NA,NA,NA,NA,NA,NA,NA,NA,NA,NA,NA,NA,NA,NA,NA,NA,67,NA,NA,NA,21,90,41,NA,NA,NA,1,NA,2,NA,1,NA,365,"F",1,2,18,10
"YAN070117001","Mammalia","Chiroptera","Yangochiroptera","Vespertilionidae","Vespertilioninae","Scotophilus","nux","Scotophilus_nux",NA,NA,NA,NA,NA,NA,NA,NA,NA,NA,NA,NA,NA,NA,NA,NA,40,122,69,NA,NA,NA,21,90,41,NA,NA,NA,1,NA,NA,NA,NA,NA,NA,NA,NA,NA,NA,NA
"YAN070117002","Mammalia","Chiroptera","Yangochiroptera","Vespertilionidae","Vespertilioninae","Scotophilus","tandrefana","Scotophilus_tandrefana",NA,NA,NA,NA,NA,NA,NA,NA,NA,NA,NA,NA,NA,NA,NA,NA,40,122,69,NA,NA,NA,21,90,41,NA,NA,NA,1,NA,NA,NA,NA,NA,NA,NA,NA,NA,NA,NA
"YAN070117003","Mammalia","Chiroptera","Yangochiroptera","Vespertilionidae","Vespertilioninae","Scotophilus","marovaza","Scotophilus_marovaza",NA,NA,NA,NA,NA,NA,NA,NA,NA,NA,NA,NA,NA,NA,NA,NA,NA,NA,120,NA,NA,120,21,90,41,NA,NA,NA,1,NA,NA,NA,1,NA,365,NA,NA,NA,NA,NA
"YAN070117004","Mammalia","Chiroptera","Yangochiroptera","Vespertilionidae","Vespertilioninae","Scotophilus","leucogaster","Scotophilus_leucogaster",NA,NA,NA,NA,NA,NA,NA,NA,NA,NA,NA,NA,NA,NA,NA,NA,40,122,69,NA,NA,NA,21,90,41,NA,NA,NA,1,NA,2,NA,1,NA,365,NA,NA,NA,NA,NA
"YAN070117005","Mammalia","Chiroptera","Yangochiroptera","Vespertilionidae","Vespertilioninae","Scotophilus","altilis","Scotophilus_altilis",NA,NA,NA,NA,NA,NA,NA,NA,NA,NA,NA,NA,NA,NA,NA,NA,40,122,69,NA,NA,NA,21,90,41,NA,NA,NA,1,NA,NA,NA,NA,NA,NA,NA,NA,NA,NA,NA
"YAN070117006","Mammalia","Chiroptera","Yangochiroptera","Vespertilionidae","Vespertilioninae","Scotophilus","robustus","Scotophilus_robustus",NA,NA,NA,NA,NA,NA,NA,NA,NA,NA,NA,NA,NA,NA,NA,NA,40,122,69,NA,NA,NA,21,90,41,NA,NA,NA,1,NA,NA,NA,NA,NA,NA,NA,NA,NA,NA,NA
"YAN070117007","Mammalia","Chiroptera","Yangochiroptera","Vespertilionidae","Vespertilioninae","Scotophilus","borbonicus","Scotophilus_borbonicus",NA,NA,NA,NA,NA,NA,NA,NA,NA,NA,NA,NA,NA,NA,NA,NA,40,122,69,NA,NA,NA,21,90,41,NA,NA,NA,1,NA,NA,NA,NA,NA,NA,NA,NA,NA,NA,NA
"YAN070117008","Mammalia","Chiroptera","Yangochiroptera","Vespertilionidae","Vespertilioninae","Scotophilus","viridis","Scotophilus_viridis",NA,NA,NA,NA,NA,NA,NA,NA,NA,NA,NA,NA,NA,0,1,0,NA,NA,95,180,270,225,21,90,41,NA,NA,NA,1,NA,2,NA,1,NA,365,NA,NA,NA,NA,NA
"YAN070117009","Mammalia","Chiroptera","Yangochiroptera","Vespertilionidae","Vespertilioninae","Scotophilus","ejetai","Scotophilus_ejetai",NA,NA,NA,NA,NA,NA,NA,NA,NA,NA,NA,NA,NA,NA,NA,NA,40,122,69,NA,NA,NA,21,90,41,NA,NA,NA,1,NA,NA,NA,NA,NA,NA,NA,NA,NA,NA,NA
"YAN070117010","Mammalia","Chiroptera","Yangochiroptera","Vespertilionidae","Vespertilioninae","Scotophilus","nigrita","Scotophilus_nigrita",NA,NA,NA,NA,NA,NA,NA,NA,NA,NA,NA,NA,NA,NA,NA,NA,40,122,69,NA,NA,NA,21,90,41,NA,NA,NA,1,NA,NA,NA,NA,NA,NA,NA,NA,NA,NA,NA
"YAN070117011","Mammalia","Chiroptera","Yangochiroptera","Vespertilionidae","Vespertilioninae","Scotophilus","nucella","Scotophilus_nucella",NA,NA,NA,NA,NA,NA,NA,NA,NA,NA,NA,NA,NA,NA,NA,NA,40,122,69,NA,NA,NA,21,90,41,NA,NA,NA,1,NA,NA,NA,NA,NA,NA,NA,NA,NA,NA,NA
"YAN070117012","Mammalia","Chiroptera","Yangochiroptera","Vespertilionidae","Vespertilioninae","Scotophilus","andrewreborii","Scotophilus_andrewreborii",NA,NA,NA,NA,NA,NA,NA,NA,NA,NA,NA,NA,NA,NA,NA,NA,40,122,69,NA,NA,NA,21,90,41,NA,NA,NA,1,NA,NA,NA,NA,NA,NA,NA,NA,NA,NA,NA
"YAN070117013","Mammalia","Chiroptera","Yangochiroptera","Vespertilionidae","Vespertilioninae","Scotophilus","nigritellus","Scotophilus_nigritellus",NA,NA,NA,NA,NA,NA,NA,NA,NA,NA,NA,NA,NA,NA,NA,NA,40,122,69,NA,NA,NA,21,90,41,NA,NA,NA,1,NA,NA,NA,NA,NA,NA,NA,NA,NA,NA,NA
"YAN070117014","Mammalia","Chiroptera","Yangochiroptera","Vespertilionidae","Vespertilioninae","Scotophilus","livingstonii","Scotophilus_livingstonii",NA,NA,NA,NA,NA,NA,NA,NA,NA,NA,NA,NA,NA,NA,NA,NA,40,122,69,NA,NA,NA,21,90,41,NA,NA,NA,1,NA,NA,NA,NA,NA,NA,NA,NA,NA,NA,NA
"YAN070117015","Mammalia","Chiroptera","Yangochiroptera","Vespertilionidae","Vespertilioninae","Scotophilus","trujilloi","Scotophilus_trujilloi",NA,NA,NA,NA,NA,NA,NA,NA,NA,NA,NA,NA,NA,NA,NA,NA,40,122,69,NA,NA,NA,21,90,41,NA,NA,NA,1,NA,NA,NA,NA,NA,NA,NA,NA,NA,NA,NA
"YAN070117016","Mammalia","Chiroptera","Yangochiroptera","Vespertilionidae","Vespertilioninae","Scotophilus","dinganii","Scotophilus_dinganii",NA,NA,NA,NA,NA,NA,NA,NA,NA,NA,NA,NA,NA,0,1,0,40,122,69,NA,NA,NA,21,90,41,NA,NA,NA,1,3,2,NA,1,NA,365,NA,NA,NA,NA,NA
"YAN070117017","Mammalia","Chiroptera","Yangochiroptera","Vespertilionidae","Vespertilioninae","Scotophilus","colias","Scotophilus_colias",NA,NA,NA,NA,NA,NA,NA,NA,NA,NA,NA,NA,NA,NA,NA,NA,40,122,69,NA,NA,NA,21,90,41,NA,NA,NA,1,NA,NA,NA,NA,NA,NA,"F",NA,NA,NA,NA
"YAN070201001","Mammalia","Chiroptera","Yangochiroptera","Vespertilionidae","Kerivoulinae","Kerivoula","lanosa","Kerivoula_lanosa",NA,NA,NA,NA,NA,NA,NA,NA,NA,NA,NA,NA,NA,NA,NA,NA,40,122,69,NA,NA,NA,21,90,41,NA,NA,NA,1,NA,NA,NA,NA,NA,NA,NA,NA,NA,NA,NA
"YAN070201002","Mammalia","Chiroptera","Yangochiroptera","Vespertilionidae","Kerivoulinae","Kerivoula","eriophora","Kerivoula_eriophora",NA,NA,NA,NA,NA,NA,NA,NA,NA,NA,NA,NA,NA,NA,NA,NA,40,122,69,NA,NA,NA,21,90,41,NA,NA,NA,1,NA,NA,NA,NA,NA,NA,NA,NA,NA,NA,NA
"YAN070201003","Mammalia","Chiroptera","Yangochiroptera","Vespertilionidae","Kerivoulinae","Kerivoula","africana","Kerivoula_africana",NA,NA,NA,NA,NA,NA,NA,NA,NA,NA,NA,NA,NA,NA,NA,NA,40,122,69,NA,NA,NA,21,90,41,NA,NA,NA,1,NA,NA,NA,NA,NA,NA,NA,NA,NA,NA,NA
"YAN070201004","Mammalia","Chiroptera","Yangochiroptera","Vespertilionidae","Kerivoulinae","Kerivoula","smithii","Kerivoula_smithii",NA,NA,NA,NA,NA,NA,NA,NA,NA,NA,NA,NA,NA,NA,NA,NA,40,122,69,NA,NA,NA,21,90,41,NA,NA,NA,1,NA,1,NA,NA,NA,NA,NA,NA,NA,NA,NA
"YAN070201005","Mammalia","Chiroptera","Yangochiroptera","Vespertilionidae","Kerivoulinae","Kerivoula","cuprosa","Kerivoula_cuprosa",NA,NA,NA,NA,NA,NA,NA,NA,NA,NA,NA,NA,NA,NA,NA,NA,40,122,69,NA,NA,NA,21,90,41,NA,NA,NA,1,NA,NA,NA,NA,NA,NA,NA,NA,NA,NA,NA
"YAN070201006","Mammalia","Chiroptera","Yangochiroptera","Vespertilionidae","Kerivoulinae","Kerivoula","phalaena","Kerivoula_phalaena",NA,NA,NA,NA,NA,NA,NA,NA,NA,NA,NA,NA,NA,NA,NA,NA,40,122,69,NA,NA,NA,21,90,41,NA,NA,NA,1,NA,NA,NA,NA,NA,NA,NA,NA,NA,NA,NA
"YAN070201007","Mammalia","Chiroptera","Yangochiroptera","Vespertilionidae","Kerivoulinae","Kerivoula","argentata","Kerivoula_argentata",NA,NA,NA,NA,NA,NA,NA,NA,NA,NA,NA,NA,NA,NA,NA,NA,40,122,69,NA,NA,NA,21,90,41,NA,NA,NA,1,NA,NA,NA,NA,NA,NA,NA,NA,NA,NA,NA
"YAN070301001","Mammalia","Chiroptera","Yangochiroptera","Vespertilionidae","Myotinae","Myotis","emarginatus","Myotis_emarginatus",NA,NA,NA,NA,365,NA,NA,NA,NA,NA,NA,NA,NA,NA,NA,NA,40,122,69,NA,NA,NA,25,35,30,NA,NA,NA,1,2,1,NA,1,NA,365,"F",1,20,500,260
"YAN070301002","Mammalia","Chiroptera","Yangochiroptera","Vespertilionidae","Myotinae","Myotis","tricolor","Myotis_tricolor",NA,NA,NA,NA,NA,NA,NA,NA,NA,NA,NA,NA,NA,1,0,0,90,120,105,240,270,255,NA,NA,42,NA,NA,NA,1,NA,1,NA,1,NA,365,"F",1,NA,NA,NA
"YAN070301003","Mammalia","Chiroptera","Yangochiroptera","Vespertilionidae","Myotinae","Myotis","welwitschii","Myotis_welwitschii",NA,NA,NA,NA,NA,NA,NA,NA,NA,NA,NA,NA,NA,NA,NA,NA,40,122,69,NA,NA,NA,21,90,41,NA,NA,NA,1,NA,NA,NA,NA,NA,NA,NA,NA,NA,NA,NA
"YAN070301004","Mammalia","Chiroptera","Yangochiroptera","Vespertilionidae","Myotinae","Myotis","scotti","Myotis_scotti",NA,NA,NA,NA,NA,NA,NA,NA,NA,NA,NA,NA,NA,NA,NA,NA,40,122,69,NA,NA,NA,21,90,41,NA,NA,NA,1,NA,NA,NA,NA,NA,NA,NA,NA,NA,NA,NA
"YAN070301005","Mammalia","Chiroptera","Yangochiroptera","Vespertilionidae","Myotinae","Myotis","morrisi","Myotis_morrisi",NA,NA,NA,NA,NA,NA,NA,NA,NA,NA,NA,NA,NA,NA,NA,NA,40,122,69,NA,NA,NA,21,90,41,NA,NA,NA,1,NA,NA,NA,NA,NA,NA,NA,NA,NA,NA,NA
"YAN070301006","Mammalia","Chiroptera","Yangochiroptera","Vespertilionidae","Myotinae","Myotis","bocagii","Myotis_bocagii",3,NA,NA,NA,NA,NA,NA,NA,NA,NA,NA,NA,NA,NA,NA,NA,40,122,69,NA,NA,NA,21,90,41,NA,NA,NA,1,2,1,NA,2,150,180,NA,NA,NA,NA,NA
"YAN070301007","Mammalia","Chiroptera","Yangochiroptera","Vespertilionidae","Myotinae","Myotis","goudoti","Myotis_goudotii",NA,NA,NA,NA,NA,NA,NA,NA,NA,NA,NA,NA,NA,NA,NA,NA,40,122,69,NA,NA,NA,21,90,41,NA,NA,NA,1,NA,NA,NA,NA,NA,NA,NA,NA,NA,NA,NA
"YAN070301008","Mammalia","Chiroptera","Yangochiroptera","Vespertilionidae","Myotinae","Myotis","anjouanensis","Myotis_anjouanensis",NA,NA,NA,NA,NA,NA,NA,NA,NA,NA,NA,NA,NA,NA,NA,NA,40,122,69,NA,NA,NA,21,90,41,NA,NA,NA,1,NA,NA,NA,NA,NA,NA,NA,NA,NA,NA,NA
"YAN070301009","Mammalia","Chiroptera","Yangochiroptera","Vespertilionidae","Myotinae","Myotis","dieteri","Myotis_dieteri",NA,NA,NA,NA,NA,NA,NA,NA,NA,NA,NA,NA,NA,NA,NA,NA,40,122,69,NA,NA,NA,21,90,41,NA,NA,NA,1,NA,NA,NA,NA,NA,NA,NA,NA,NA,NA,NA
"YAN070301010","Mammalia","Chiroptera","Yangochiroptera","Vespertilionidae","Myotinae","Myotis","mystacinus","Myotis_mystacinus",NA,NA,NA,NA,NA,NA,365,NA,NA,NA,NA,NA,NA,0,1,0,105,150,127.5,315,360,337.5,21,90,41,NA,NA,NA,1,NA,NA,NA,1,NA,365,"F",1,20,500,260
"YAN070301011","Mammalia","Chiroptera","Yangochiroptera","Vespertilionidae","Myotinae","Myotis","capaccinii","Myotis_capaccinii",NA,NA,NA,730,NA,NA,365,NA,NA,NA,NA,NA,NA,NA,NA,NA,NA,NA,NA,210,270,240,30,60,45,NA,NA,NA,1,NA,1,NA,1,NA,365,"F",1,30,2000,1015
"YAN070301012","Mammalia","Chiroptera","Yangochiroptera","Vespertilionidae","Myotinae","Myotis","punicus","Myotis_punicus",3,NA,NA,NA,NA,NA,NA,NA,NA,NA,NA,NA,NA,NA,NA,NA,40,122,69,NA,NA,NA,21,90,41,NA,NA,NA,1,NA,NA,NA,1,NA,365,"F",1,500,1000,750
"YAN070301013","Mammalia","Chiroptera","Yangochiroptera","Vespertilionidae","Myotinae","Myotis","zenatius","Myotis_zenatius",NA,NA,NA,NA,NA,NA,NA,NA,NA,NA,NA,NA,NA,NA,NA,NA,40,122,69,NA,NA,NA,21,90,41,NA,NA,NA,1,NA,NA,NA,NA,NA,NA,NA,NA,NA,NA,NA
